Player,Pos,Team,1,2,3,4,5,6,7,8,9,10,11,12,13,14,15,16,17,18,TTL,AVG
Roger McCreary,CB,TEN,98%,99%,100%,100%,100%,bye,100%,100%,100%,100%,100%,100%,100%,100%,100%,100%,99%,100%,1165,1.00
Camryn Bynum,S,MIN,100%,100%,100%,100%,100%,100%,bye,100%,100%,100%,100%,100%,100%,100%,100%,100%,100%,100%,1161,1.00
Quandre Diggs,S,SEA,100%,100%,100%,100%,100%,100%,100%,100%,100%,100%,bye,100%,100%,100%,100%,100%,100%,100%,1156,1.00
Foyesade Oluokun,LB,JAC,100%,100%,100%,100%,100%,100%,100%,100%,100%,100%,bye,100%,100%,100%,100%,100%,74%,100%,1145,0.98
Christian Kirksey,LB,HOU,100%,100%,100%,100%,84%,bye,100%,83%,88%,100%,100%,100%,100%,100%,99%,100%,100%,100%,1141,0.97
Kareem Jackson,S,DEN,100%,100%,100%,100%,100%,100%,98%,100%,bye,100%,100%,100%,100%,100%,100%,94%,100%,100%,1139,1.00
Kevin Byard,S,TEN,98%,76%,100%,100%,100%,bye,100%,100%,100%,100%,100%,100%,92%,100%,100%,100%,92%,100%,1139,0.98
Tyson Campbell,CB,JAC,100%,98%,100%,100%,97%,100%,100%,100%,100%,100%,bye,97%,100%,100%,99%,100%,74%,99%,1138,0.98
D.J. Reed Jr.,CB,NYJ,100%,100%,100%,100%,100%,100%,100%,100%,100%,bye,100%,100%,99%,100%,100%,99%,100%,100%,1136,1.00
Zaire Franklin,LB,IND,100%,100%,100%,100%,100%,100%,100%,100%,100%,96%,100%,100%,100%,bye,100%,100%,100%,98%,1134,1.00
Riq Woolen,CB,SEA,82%,96%,100%,95%,100%,100%,100%,100%,100%,100%,bye,100%,100%,100%,100%,100%,100%,95%,1134,0.98
Demario Davis,LB,NO,100%,100%,100%,100%,100%,100%,100%,100%,100%,100%,100%,100%,100%,bye,100%,100%,100%,100%,1132,1.00
Jordan Whitehead,S,NYJ,98%,100%,99%,100%,93%,100%,100%,100%,100%,bye,100%,100%,100%,100%,100%,99%,100%,100%,1130,0.99
Tyrann Mathieu,S,NO,100%,100%,100%,100%,100%,100%,100%,100%,100%,100%,100%,99%,99%,bye,99%,100%,100%,100%,1129,1.00
Jevon Holland,S,MIA,100%,100%,100%,98%,100%,100%,100%,100%,100%,100%,bye,100%,100%,100%,86%,100%,95%,100%,1129,0.99
Rayshawn Jenkins,S,JAC,100%,100%,100%,100%,100%,99%,97%,98%,80%,98%,bye,100%,100%,100%,99%,98%,74%,100%,1126,0.97
Nick Bolton,LB,KC,77%,96%,100%,100%,100%,100%,87%,bye,100%,100%,100%,100%,100%,100%,100%,100%,99%,100%,1119,0.97
Richie Grant,S,ATL,98%,100%,100%,100%,95%,100%,100%,100%,100%,100%,100%,100%,100%,bye,100%,100%,100%,100%,1117,1.00
Trevon Diggs,CB,DAL,100%,100%,92%,100%,100%,94%,95%,100%,bye,97%,88%,100%,100%,91%,100%,100%,100%,95%,1116,0.97
Sauce Gardner,CB,NYJ,100%,93%,100%,100%,100%,89%,100%,100%,100%,bye,100%,100%,100%,100%,100%,100%,100%,85%,1115,0.98
C.J. Mosley,LB,NYJ,100%,100%,100%,100%,100%,100%,100%,100%,85%,bye,100%,100%,100%,100%,100%,100%,92%,86%,1114,0.98
Justin Reid,S,KC,77%,100%,100%,91%,100%,99%,90%,bye,98%,100%,100%,100%,97%,99%,98%,100%,100%,100%,1113,0.97
L'Jarius Sneed,CB,KC,88%,100%,100%,100%,100%,100%,87%,bye,100%,100%,94%,91%,100%,100%,100%,100%,80%,100%,1107,0.96
Pat Surtain II,CB,DEN,100%,40%,100%,100%,100%,100%,100%,100%,bye,100%,100%,100%,100%,100%,100%,100%,100%,100%,1106,0.97
Patrick Peterson,CB,MIN,100%,100%,100%,100%,100%,100%,bye,100%,100%,100%,83%,100%,100%,100%,91%,100%,86%,45%,1105,0.95
Rashaan Evans,LB,ATL,98%,86%,100%,100%,100%,100%,100%,98%,100%,91%,100%,100%,100%,bye,100%,100%,100%,100%,1104,0.98
Devin McCourty,S,NE,100%,100%,100%,100%,88%,87%,94%,100%,100%,bye,100%,100%,100%,85%,100%,100%,100%,100%,1098,0.97
Jalen Thompson,S,ARI,100%,99%,100%,100%,100%,100%,100%,100%,99%,100%,100%,100%,bye,100%,96%,96%,98%,92%,1097,0.99
Marcus Epps,S,PHI,100%,100%,100%,100%,100%,100%,bye,100%,100%,100%,100%,100%,82%,100%,100%,100%,100%,100%,1096,0.99
Eric Kendricks,LB,MIN,100%,100%,100%,92%,100%,100%,bye,100%,100%,100%,89%,100%,100%,100%,94%,81%,89%,45%,1095,0.94
Chuck Clark,S,BAL,100%,100%,100%,100%,100%,100%,100%,100%,100%,bye,100%,100%,100%,100%,100%,100%,100%,100%,1093,1.00
Shaq Thompson,LB,CAR,75%,92%,74%,82%,100%,100%,100%,100%,89%,100%,100%,100%,bye,100%,100%,100%,100%,100%,1090,0.94
Jalen Pitre,S,HOU,100%,100%,100%,100%,100%,bye,80%,88%,86%,81%,87%,88%,100%,100%,100%,100%,97%,68%,1089,0.93
Nicholas Morrow,LB,CHI,100%,100%,100%,100%,100%,100%,98%,100%,100%,100%,100%,100%,100%,bye,100%,98%,100%,100%,1086,1.00
Grant Delpit,S,CLE,100%,100%,100%,100%,100%,100%,100%,100%,bye,96%,100%,100%,100%,100%,100%,100%,100%,100%,1086,1.00
Maxx Crosby,DE,LV,96%,94%,91%,96%,90%,bye,94%,92%,97%,97%,100%,100%,97%,97%,98%,100%,97%,100%,1085,0.96
Bobby Wagner,LB,LAR,100%,100%,99%,100%,100%,100%,bye,100%,100%,100%,100%,100%,100%,100%,100%,88%,100%,100%,1080,0.99
Alex Anzalone,LB,DET,92%,91%,99%,100%,88%,bye,89%,97%,95%,98%,95%,100%,100%,97%,98%,100%,73%,100%,1080,0.95
Duron Harmon,S,LV,67%,100%,100%,96%,96%,bye,100%,83%,100%,89%,97%,100%,100%,97%,100%,100%,100%,100%,1078,0.96
James Bradberry,CB,PHI,97%,100%,100%,100%,100%,100%,bye,100%,98%,100%,100%,100%,82%,81%,100%,99%,97%,100%,1078,0.97
Jalen Ramsey,CB,LAR,100%,100%,100%,94%,89%,100%,bye,100%,100%,99%,98%,100%,99%,100%,100%,100%,100%,100%,1077,0.99
Devin White,LB,TB,100%,100%,100%,100%,100%,100%,100%,100%,100%,100%,bye,100%,100%,100%,100%,100%,100%,34%,1076,0.96
Lavonte David,LB,TB,100%,100%,100%,100%,100%,100%,100%,100%,100%,100%,bye,100%,98%,100%,100%,100%,100%,34%,1075,0.96
Stephon Gilmore,CB,IND,100%,100%,84%,100%,100%,100%,100%,100%,100%,100%,100%,100%,100%,bye,100%,100%,100%,0%,1063,0.99
John Johnson III,S,CLE,98%,100%,100%,100%,100%,99%,100%,100%,bye,97%,100%,100%,100%,91%,76%,100%,99%,89%,1055,0.97
Juan Thornhill,S,KC,77%,97%,100%,100%,100%,100%,100%,bye,100%,100%,51%,0%,99%,100%,100%,100%,100%,100%,1044,0.95
T.J. Edwards,LB,PHI,100%,92%,96%,96%,96%,97%,bye,99%,93%,94%,97%,100%,78%,75%,97%,95%,94%,100%,1041,0.94
Roquan Smith,LB,Multi,100%,100%,100%,100%,100%,100%,100%,100%,76%,0%,100%,100%,96%,95%,98%,100%,100%,98%,1039,0.98
Tashaun Gipson Sr.,S,SF,98%,100%,99%,100%,100%,98%,100%,100%,bye,95%,86%,100%,100%,95%,100%,90%,100%,85%,1036,0.97
Rodney McLeod Jr.,S,IND,0%,49%,100%,100%,100%,100%,100%,100%,100%,100%,100%,100%,100%,bye,100%,96%,100%,100%,1029,0.96
Talanoa Hufanga,S,SF,100%,100%,100%,100%,100%,84%,89%,95%,bye,100%,87%,100%,100%,100%,100%,92%,100%,85%,1029,0.96
Fred Warner,LB,SF,100%,100%,100%,100%,88%,100%,100%,100%,bye,100%,86%,100%,100%,95%,100%,92%,100%,67%,1026,0.96
Patrick Queen,LB,BAL,100%,100%,89%,98%,81%,85%,98%,94%,96%,bye,100%,100%,83%,91%,97%,94%,94%,91%,1026,0.94
Jordyn Brooks,LB,SEA,100%,100%,96%,100%,100%,100%,100%,100%,100%,97%,bye,100%,98%,100%,67%,100%,37%,0%,1025,0.94
Vonn Bell,S,CIN,100%,100%,100%,100%,100%,100%,100%,99%,80%,bye,100%,100%,100%,100%,100%,98%,0%,100%,1024,0.99
Zaven Collins,LB,ARI,96%,100%,73%,100%,100%,100%,100%,100%,97%,100%,98%,100%,bye,100%,100%,96%,95%,0%,1024,0.98
Jessie Bates III,S,CIN,97%,98%,100%,100%,100%,100%,94%,99%,80%,bye,100%,100%,96%,100%,100%,100%,0%,100%,1017,0.98
Jerome Baker,LB,MIA,100%,100%,90%,97%,100%,100%,92%,100%,61%,78%,bye,56%,88%,95%,88%,97%,82%,89%,1014,0.89
Julian Love,S,NYG,100%,100%,100%,31%,100%,100%,100%,100%,bye,100%,100%,100%,100%,91%,100%,100%,95%,0%,1006,0.95
Darius Slay,CB,PHI,97%,80%,79%,0%,100%,100%,bye,100%,98%,100%,100%,94%,82%,81%,100%,99%,97%,100%,1000,0.94
Xavier Woods,S,CAR,99%,100%,94%,100%,0%,100%,100%,100%,91%,100%,99%,65%,bye,0%,100%,98%,100%,100%,1000,0.97
Andre Cisco,S,JAC,100%,100%,100%,100%,100%,98%,96%,97%,100%,98%,bye,99%,0%,0%,99%,100%,74%,100%,992,0.97
Marlon Humphrey,CB,BAL,100%,79%,98%,100%,100%,100%,100%,75%,100%,bye,100%,90%,100%,100%,100%,100%,0%,100%,984,0.96
Nick Scott,S,LAR,88%,87%,100%,98%,100%,100%,bye,100%,100%,100%,100%,100%,99%,97%,100%,88%,88%,0%,984,0.97
Kendall Fuller,CB,WAS,100%,100%,91%,100%,100%,100%,100%,100%,100%,100%,100%,98%,100%,bye,100%,0%,100%,91%,979,0.99
Xavien Howard,CB,MIA,100%,88%,88%,63%,0%,100%,100%,100%,100%,99%,bye,100%,100%,99%,100%,97%,0%,100%,979,0.96
Drue Tranquill,LB,LAC,60%,84%,78%,100%,100%,100%,99%,bye,100%,100%,100%,100%,95%,100%,100%,100%,88%,85%,978,0.93
Adrian Amos,S,GB,100%,100%,100%,24%,100%,100%,100%,100%,100%,100%,100%,100%,100%,bye,100%,100%,79%,100%,977,0.95
Taylor Rapp,S,LAR,100%,82%,100%,50%,0%,100%,bye,100%,100%,96%,100%,100%,99%,97%,94%,88%,100%,96%,977,0.94
Asante Samuel Jr.,CB,LAC,100%,100%,100%,100%,97%,100%,100%,bye,98%,94%,100%,100%,100%,100%,58%,83%,73%,69%,972,0.93
Bobby McCain,S,WAS,99%,95%,91%,100%,94%,86%,98%,98%,97%,100%,100%,93%,92%,bye,94%,65%,82%,94%,971,0.93
Jonathan Owens,S,HOU,100%,100%,100%,100%,100%,bye,100%,31%,77%,86%,76%,80%,81%,82%,61%,85%,70%,70%,971,0.83
Taron Johnson,CB,BUF,97%,71%,100%,99%,67%,100%,bye,100%,98%,93%,93%,86%,100%,100%,100%,75%,0%,100%,969,0.92
Budda Baker,S,ARI,93%,100%,100%,100%,100%,100%,100%,100%,99%,80%,100%,100%,bye,100%,99%,100%,0%,0%,968,0.98
Bobby Okereke,LB,IND,100%,93%,89%,70%,100%,89%,100%,61%,46%,100%,100%,80%,84%,bye,96%,74%,97%,57%,968,0.85
Donovan Wilson,S,DAL,82%,100%,100%,100%,85%,80%,93%,80%,bye,81%,95%,78%,69%,92%,70%,75%,58%,85%,960,0.84
Charvarius Ward,CB,SF,100%,100%,96%,100%,88%,38%,98%,90%,bye,100%,85%,98%,100%,100%,78%,84%,96%,67%,959,0.90
Aidan Hutchinson,DE,DET,90%,81%,79%,81%,95%,bye,89%,85%,88%,89%,86%,79%,86%,91%,86%,76%,71%,82%,958,0.84
Christian Wilkins,DT,MIA,72%,76%,68%,84%,85%,94%,81%,85%,86%,82%,bye,72%,90%,82%,88%,95%,90%,89%,955,0.83
Logan Wilson,LB,CIN,100%,100%,100%,100%,100%,83%,0%,100%,59%,bye,100%,100%,100%,97%,100%,100%,0%,100%,955,0.97
Jaylinn Hawkins,S,ATL,98%,57%,100%,100%,85%,100%,78%,0%,100%,100%,100%,100%,100%,bye,100%,92%,72%,87%,955,0.92
Jaquan Brisker,S,CHI,100%,100%,100%,100%,100%,100%,98%,100%,100%,98%,96%,0%,0%,bye,100%,100%,100%,100%,955,1.00
Brian Burns,DE,CAR,81%,77%,81%,89%,93%,78%,96%,97%,66%,95%,99%,92%,bye,96%,85%,86%,83%,0%,951,0.87
Matt Milano,LB,BUF,99%,80%,100%,100%,67%,97%,bye,100%,0%,100%,100%,100%,100%,100%,100%,92%,0%,100%,947,0.96
Chandon Sullivan,CB,MIN,80%,93%,77%,75%,80%,76%,bye,100%,80%,93%,53%,100%,87%,74%,89%,96%,67%,55%,945,0.81
Darious Williams,CB,JAC,69%,66%,100%,41%,41%,75%,91%,93%,100%,98%,bye,62%,95%,94%,95%,98%,73%,92%,943,0.81
Alex Highsmith,LB,PIT,83%,84%,94%,89%,86%,86%,87%,88%,bye,91%,85%,80%,81%,92%,98%,91%,100%,97%,941,0.88
Frankie Luvu,LB,CAR,85%,96%,100%,92%,0%,0%,66%,75%,73%,100%,97%,100%,bye,98%,100%,100%,100%,100%,940,0.92
Steven Nelson,CB,HOU,100%,100%,100%,100%,100%,bye,100%,100%,94%,90%,100%,100%,98%,0%,0%,100%,100%,0%,939,0.99
Minkah Fitzpatrick,S,PIT,100%,100%,100%,99%,96%,0%,100%,100%,bye,0%,100%,100%,100%,100%,100%,100%,94%,100%,939,0.99
Jordan Hicks,LB,MIN,97%,78%,87%,88%,88%,97%,bye,90%,91%,96%,78%,96%,80%,67%,65%,67%,60%,37%,935,0.81
Leonard Floyd,LB,LAR,86%,70%,76%,88%,89%,77%,bye,83%,86%,82%,89%,97%,94%,92%,93%,73%,84%,93%,933,0.86
Cameron Sutton,CB,PIT,99%,100%,96%,100%,54%,0%,50%,100%,bye,100%,100%,100%,100%,100%,100%,100%,100%,100%,931,0.94
Devin Lloyd,LB,JAC,90%,100%,100%,100%,100%,96%,100%,100%,92%,60%,bye,38%,29%,100%,91%,69%,60%,41%,926,0.80
Desmond King II,CB,HOU,76%,50%,59%,74%,72%,bye,68%,47%,63%,32%,100%,100%,92%,99%,100%,95%,97%,100%,918,0.78
Micah Parsons,LB,DAL,100%,84%,83%,85%,71%,94%,71%,72%,bye,95%,67%,67%,71%,73%,84%,96%,74%,70%,918,0.80
Rasul Douglas,CB,GB,66%,63%,97%,100%,48%,65%,80%,80%,95%,100%,100%,100%,100%,bye,100%,100%,100%,100%,914,0.89
Harrison Smith,S,MIN,100%,88%,0%,97%,100%,100%,bye,100%,95%,100%,89%,98%,100%,0%,100%,86%,75%,0%,913,0.95
Lorenzo Carter,LB,ATL,84%,83%,82%,97%,70%,82%,72%,89%,81%,76%,77%,85%,74%,bye,85%,87%,80%,76%,909,0.81
Eli Apple,CB,CIN,97%,97%,100%,100%,100%,100%,34%,0%,59%,bye,100%,100%,98%,100%,100%,100%,0%,100%,908,0.94
Daron Payne,DT,WAS,79%,87%,81%,90%,91%,81%,85%,91%,94%,88%,75%,88%,89%,bye,92%,96%,91%,84%,908,0.87
Tre'von Moehrig,S,LV,37%,0%,0%,83%,96%,bye,75%,100%,94%,100%,100%,100%,100%,100%,100%,100%,100%,100%,908,0.92
Ja'Whaun Bentley,LB,NE,72%,61%,93%,93%,61%,44%,90%,64%,73%,bye,92%,81%,87%,80%,91%,100%,77%,100%,907,0.80
Greg Newsome II,CB,CLE,91%,96%,100%,100%,99%,94%,98%,100%,bye,100%,0%,0%,86%,97%,100%,78%,93%,92%,907,0.95
Danielle Hunter,DE,MIN,79%,75%,83%,85%,80%,82%,bye,86%,83%,80%,69%,91%,79%,67%,92%,83%,57%,45%,906,0.78
Uchenna Nwosu,LB,SEA,89%,72%,72%,81%,84%,83%,75%,80%,78%,63%,bye,73%,84%,81%,84%,75%,86%,69%,904,0.78
Jaire Alexander,CB,GB,100%,100%,9%,0%,100%,100%,100%,98%,98%,100%,100%,99%,100%,bye,100%,100%,79%,100%,901,0.92
Kader Kohou,CB,MIA,32%,42%,76%,77%,100%,0%,0%,95%,99%,99%,bye,100%,100%,99%,100%,97%,98%,100%,898,0.88
Isaiah Simmons,LB,ARI,87%,22%,33%,83%,92%,63%,75%,80%,81%,100%,69%,98%,bye,100%,88%,95%,95%,97%,896,0.81
Cody Barton,LB,SEA,94%,96%,100%,62%,77%,39%,63%,51%,43%,80%,bye,73%,89%,96%,88%,83%,89%,100%,895,0.77
Jonathan Jones,CB,NE,78%,76%,93%,100%,58%,0%,72%,49%,65%,bye,88%,72%,100%,100%,100%,100%,86%,100%,894,0.84
Josh Allen,DE,JAC,82%,86%,84%,90%,72%,83%,73%,82%,78%,62%,bye,69%,67%,72%,69%,81%,77%,80%,894,0.77
Deommodore Lenoir,CB,SF,2%,0%,47%,100%,75%,98%,91%,100%,bye,100%,96%,96%,100%,99%,100%,92%,96%,100%,887,0.87
Terrell Edmunds,S,PIT,100%,100%,94%,39%,0%,100%,100%,98%,bye,100%,98%,88%,93%,100%,96%,0%,96%,94%,886,0.93
Jamel Dean,CB,TB,100%,100%,100%,99%,100%,100%,100%,100%,100%,100%,bye,89%,100%,65%,0%,0%,100%,9%,885,0.90
Nasir Adderley,S,LAC,100%,100%,100%,100%,9%,100%,100%,bye,100%,100%,91%,0%,100%,100%,100%,100%,88%,60%,882,0.90
Kerby Joseph,S,DET,0%,0%,0%,100%,95%,bye,100%,100%,64%,100%,99%,100%,100%,100%,100%,100%,92%,100%,878,0.96
Zach Sieler,DT,MIA,77%,78%,50%,55%,68%,73%,79%,83%,77%,79%,bye,70%,90%,84%,83%,89%,90%,80%,877,0.77
Chris Jones,DT,KC,65%,75%,80%,91%,91%,96%,75%,bye,96%,88%,88%,87%,85%,69%,0%,80%,70%,66%,876,0.81
Lamarcus Joyner,S,NYJ,100%,100%,100%,100%,100%,100%,100%,100%,100%,bye,100%,100%,100%,100%,0%,0%,17%,0%,873,0.94
DeForest Buckner,DT,IND,86%,70%,78%,35%,81%,81%,85%,80%,76%,86%,75%,75%,81%,bye,81%,71%,76%,78%,873,0.77
Derrick Brown,DT,CAR,60%,70%,62%,75%,72%,78%,79%,90%,30%,84%,93%,85%,bye,93%,87%,77%,73%,87%,870,0.75
DeShon Elliott,S,DET,96%,99%,100%,100%,88%,bye,76%,0%,100%,48%,100%,99%,100%,98%,62%,0%,0%,100%,864,0.91
Dexter Lawrence II,DT,NYG,68%,79%,81%,94%,90%,97%,70%,86%,bye,91%,88%,84%,91%,72%,73%,75%,67%,0%,864,0.82
Kyler Gordon,CB,CHI,100%,100%,98%,100%,100%,95%,100%,95%,100%,100%,71%,0%,0%,bye,100%,100%,99%,0%,864,0.97
Khalil Mack,LB,LAC,85%,91%,84%,79%,85%,84%,87%,bye,77%,76%,75%,92%,87%,90%,87%,81%,71%,65%,861,0.82
Malik Hooker,S,DAL,77%,100%,100%,100%,74%,82%,51%,0%,bye,83%,51%,78%,78%,62%,80%,86%,91%,85%,861,0.81
Matthew Judon,LB,NE,82%,81%,80%,78%,55%,70%,70%,85%,68%,bye,82%,87%,80%,72%,76%,82%,79%,68%,860,0.76
Darrick Forrest,S,WAS,96%,100%,49%,44%,50%,56%,72%,67%,65%,100%,100%,100%,100%,bye,100%,100%,100%,100%,850,0.82
Dre Greenlaw,LB,SF,100%,100%,100%,100%,87%,100%,56%,0%,bye,60%,82%,100%,100%,93%,100%,90%,61%,0%,849,0.88
Yetur Gross-Matos,DE,CAR,70%,67%,67%,70%,66%,49%,82%,78%,76%,67%,78%,65%,bye,89%,84%,76%,78%,87%,846,0.73
Damar Hamlin,S,BUF,3%,20%,100%,100%,80%,100%,bye,100%,100%,98%,100%,99%,94%,100%,100%,90%,0%,0%,846,0.86
Quay Walker,LB,GB,61%,78%,85%,86%,85%,69%,73%,25%,100%,100%,86%,100%,100%,bye,96%,96%,71%,74%,846,0.82
Kyzir White,LB,PHI,74%,74%,78%,77%,57%,88%,bye,75%,88%,75%,86%,67%,73%,56%,69%,68%,96%,95%,844,0.76
Joe Tryon-Shoyinka,LB,TB,70%,74%,74%,61%,61%,84%,64%,62%,89%,92%,bye,77%,58%,43%,100%,100%,98%,72%,843,0.75
Jeffery Simmons,DT,TEN,87%,66%,91%,86%,84%,bye,81%,70%,81%,0%,89%,90%,73%,83%,93%,91%,0%,84%,840,0.83
Jaelan Phillips,DE,MIA,70%,76%,67%,66%,56%,73%,80%,82%,82%,63%,bye,62%,65%,74%,77%,83%,88%,86%,840,0.73
Derwin James Jr.,S,LAC,100%,100%,99%,100%,100%,100%,100%,bye,100%,100%,98%,100%,100%,0%,0%,48%,0%,69%,836,0.94
Michael Jackson Sr.,CB,SEA,100%,96%,100%,65%,79%,85%,100%,100%,100%,100%,bye,96%,77%,100%,0%,0%,0%,0%,834,0.92
Jamin Davis,LB,WAS,93%,62%,79%,80%,55%,67%,57%,100%,82%,100%,100%,100%,100%,bye,100%,100%,100%,0%,834,0.85
Deatrich Wise Jr.,DE,NE,83%,90%,75%,88%,88%,84%,46%,92%,73%,bye,78%,87%,72%,64%,53%,58%,72%,54%,829,0.73
Dane Jackson,CB,BUF,97%,43%,0%,99%,73%,82%,bye,100%,95%,100%,100%,100%,52%,100%,53%,59%,0%,57%,829,0.82
Josey Jewell,LB,DEN,0%,0%,95%,100%,43%,0%,0%,100%,bye,100%,100%,100%,100%,100%,100%,100%,100%,100%,826,0.95
Darnell Savage Jr.,S,GB,100%,100%,100%,100%,100%,100%,91%,100%,100%,100%,98%,1%,0%,bye,2%,64%,78%,100%,819,0.81
Myles Garrett,DE,CLE,85%,81%,91%,0%,82%,71%,80%,79%,bye,64%,75%,94%,71%,76%,78%,67%,75%,93%,817,0.79
Haason Reddick,DE,PHI,68%,67%,56%,83%,70%,73%,bye,63%,68%,70%,77%,76%,78%,86%,75%,81%,94%,79%,817,0.74
B.J. Hill,DT,CIN,81%,89%,68%,89%,86%,92%,77%,85%,55%,bye,82%,79%,71%,75%,64%,88%,0%,78%,816,0.79
J.J. Watt,DE,ARI,0%,63%,63%,79%,75%,78%,83%,77%,77%,73%,67%,80%,bye,75%,84%,95%,90%,84%,815,0.78
Jayron Kearse,S,DAL,68%,0%,0%,0%,78%,80%,93%,96%,bye,89%,100%,83%,85%,95%,91%,97%,94%,74%,815,0.88
Mike Edwards,S,TB,100%,100%,100%,99%,98%,0%,100%,100%,100%,100%,bye,85%,0%,0%,48%,97%,95%,0%,814,0.94
Myles Hartsfield,S,CAR,43%,81%,54%,95%,100%,100%,100%,97%,100%,97%,0%,0%,bye,100%,54%,85%,55%,37%,813,0.79
Paulson Adebo,CB,NO,0%,0%,15%,100%,100%,100%,0%,100%,100%,100%,100%,100%,100%,bye,99%,100%,100%,0%,812,0.94
Jaycee Horn,CB,CAR,95%,90%,94%,97%,69%,0%,0%,100%,91%,100%,99%,97%,bye,94%,100%,65%,0%,0%,812,0.92
Carlton Davis III,CB,TB,100%,100%,100%,75%,56%,100%,0%,0%,96%,100%,bye,100%,100%,100%,100%,100%,0%,0%,810,0.94
Justin Simmons,S,DEN,100%,0%,0%,0%,0%,100%,100%,100%,bye,0%,100%,100%,100%,100%,100%,100%,100%,100%,809,1.00
Grady Jarrett,DT,ATL,74%,0%,85%,82%,73%,80%,74%,80%,74%,82%,72%,76%,71%,bye,75%,85%,68%,71%,807,0.76
Kenny Clark,DT,GB,69%,88%,77%,86%,84%,84%,81%,78%,79%,77%,82%,71%,75%,bye,71%,80%,62%,87%,807,0.78
Bilal Nichols,DT,LV,73%,33%,76%,62%,71%,bye,71%,78%,78%,86%,61%,68%,75%,77%,83%,71%,84%,78%,804,0.71
Cameron Heyward,DT,PIT,57%,76%,78%,67%,71%,75%,77%,68%,bye,83%,79%,69%,61%,89%,85%,89%,88%,84%,801,0.75
Sam Hubbard,DE,CIN,94%,90%,73%,88%,91%,97%,83%,72%,55%,bye,92%,93%,93%,88%,36%,0%,0%,85%,801,0.82
A.J. Terrell,CB,ATL,100%,84%,100%,100%,100%,43%,12%,0%,0%,0%,100%,100%,100%,bye,100%,100%,100%,93%,799,0.88
Damarri Mathis,CB,DEN,0%,60%,0%,4%,59%,100%,100%,100%,bye,100%,100%,100%,100%,100%,100%,100%,32%,0%,795,0.82
Quincy Williams,LB,NYJ,91%,99%,69%,0%,0%,81%,52%,74%,74%,bye,65%,75%,85%,86%,68%,82%,94%,91%,793,0.79
Jeff Okudah,CB,DET,87%,85%,100%,100%,88%,bye,90%,99%,84%,95%,24%,0%,100%,42%,98%,65%,33%,0%,793,0.80
Michael Davis,CB,LAC,100%,0%,100%,0%,0%,55%,45%,bye,98%,94%,100%,100%,100%,100%,100%,100%,96%,95%,791,0.91
Cameron Jordan,DE,NO,81%,79%,80%,83%,67%,74%,74%,71%,57%,58%,0%,69%,70%,bye,74%,87%,82%,80%,790,0.74
Travon Walker,DE,JAC,83%,90%,84%,87%,81%,84%,87%,85%,78%,71%,bye,75%,72%,51%,0%,0%,37%,84%,788,0.77
Chandler Jones,LB,LV,90%,90%,69%,89%,85%,bye,66%,62%,77%,71%,75%,88%,88%,88%,92%,43%,0%,0%,784,0.78
Alim McNeill,DT,DET,68%,59%,81%,77%,83%,bye,83%,66%,70%,87%,62%,60%,71%,62%,49%,72%,54%,68%,782,0.69
Martin Emerson Jr.,CB,CLE,79%,74%,78%,18%,42%,94%,98%,98%,bye,55%,91%,100%,57%,84%,49%,50%,64%,82%,782,0.72
Markus Golden,LB,ARI,40%,75%,67%,71%,56%,81%,74%,83%,66%,78%,62%,76%,bye,69%,71%,78%,79%,69%,781,0.70
Grover Stewart,DT,IND,56%,68%,63%,70%,67%,65%,75%,64%,75%,70%,76%,71%,71%,bye,62%,72%,73%,68%,778,0.68
Marco Wilson,CB,ARI,96%,97%,100%,98%,93%,88%,78%,97%,84%,100%,71%,86%,bye,25%,0%,73%,0%,0%,777,0.85
Preston Smith,LB,GB,85%,90%,0%,84%,80%,78%,78%,76%,81%,86%,86%,74%,79%,bye,73%,76%,59%,92%,774,0.80
Kenny Moore II,CB,IND,100%,100%,97%,100%,100%,100%,100%,100%,100%,100%,100%,87%,0%,bye,0%,0%,0%,0%,773,0.99
Alex Singleton,LB,DEN,96%,97%,0%,0%,54%,100%,100%,25%,bye,53%,65%,53%,88%,87%,74%,88%,67%,99%,772,0.76
Za'Darius Smith,LB,MIN,74%,74%,81%,40%,74%,77%,bye,69%,73%,75%,35%,85%,75%,64%,80%,78%,52%,0%,771,0.70
Mykal Walker,LB,ATL,100%,98%,100%,100%,57%,0%,100%,100%,100%,89%,74%,68%,74%,bye,24%,15%,16%,13%,769,0.72
Antoine Winfield Jr.,S,TB,100%,100%,100%,100%,100%,100%,56%,0%,0%,100%,bye,66%,0%,0%,27%,93%,100%,100%,764,0.88
CJ Henderson,CB,CAR,46%,67%,78%,42%,40%,68%,49%,51%,50%,70%,100%,83%,bye,100%,0%,92%,97%,100%,761,0.70
Tremaine Edmunds,LB,BUF,99%,80%,100%,100%,0%,100%,bye,100%,100%,36%,0%,0%,100%,100%,100%,92%,0%,100%,760,0.92
Coby Bryant,CB,SEA,3%,66%,67%,78%,48%,75%,96%,72%,86%,65%,bye,69%,91%,51%,38%,62%,63%,84%,756,0.65
Jordan Poyer,S,BUF,97%,80%,0%,100%,0%,100%,bye,74%,0%,0%,100%,100%,100%,100%,100%,92%,0%,100%,755,0.96
Isaiah Buggs,DT,DET,52%,54%,53%,69%,83%,bye,84%,82%,80%,92%,64%,58%,61%,49%,57%,68%,60%,70%,755,0.66
Kyle Dugger,S,NE,85%,32%,0%,58%,58%,74%,32%,0%,69%,bye,90%,72%,99%,85%,84%,86%,92%,98%,752,0.74
Fabian Moreau,CB,NYG,0%,29%,61%,79%,83%,100%,100%,72%,bye,88%,45%,0%,100%,81%,100%,100%,95%,0%,749,0.82
Denzel Ward,CB,CLE,85%,94%,100%,100%,79%,0%,0%,0%,bye,77%,83%,97%,86%,97%,100%,98%,67%,14%,748,0.83
Leighton Vander Esch,LB,DAL,85%,90%,83%,92%,69%,76%,90%,87%,bye,95%,74%,88%,85%,85%,7%,0%,0%,0%,746,0.79
Nick Bosa,DE,SF,78%,73%,77%,78%,38%,0%,66%,83%,bye,97%,70%,79%,83%,71%,80%,75%,86%,48%,746,0.74
Bradley Chubb,LB,Multi,84%,76%,79%,71%,72%,72%,73%,71%,73%,66%,0%,62%,57%,62%,72%,42%,0%,32%,745,0.67
Justin Jones,DT,CHI,63%,62%,73%,62%,62%,74%,67%,67%,75%,66%,84%,76%,74%,bye,78%,69%,66%,51%,744,0.68
David Long Jr.,LB,TEN,100%,81%,100%,100%,100%,bye,95%,100%,100%,76%,100%,94%,32%,0%,0%,0%,0%,0%,740,0.89
Kayvon Thibodeaux,DE,NYG,0%,0%,58%,74%,81%,83%,89%,78%,bye,81%,69%,73%,87%,81%,79%,97%,72%,0%,740,0.79
Jonathan Allen,DT,WAS,77%,85%,73%,80%,83%,86%,0%,79%,94%,84%,80%,89%,98%,bye,89%,96%,0%,0%,738,0.85
Marcus Peters,CB,BAL,0%,62%,95%,100%,100%,91%,100%,97%,98%,bye,98%,100%,100%,98%,62%,0%,0%,0%,736,0.92
Kyle Van Noy,LB,LAC,48%,46%,55%,61%,55%,72%,89%,bye,70%,82%,68%,92%,82%,92%,92%,77%,53%,54%,734,0.70
Michael Carter II,S,NYJ,32%,54%,69%,61%,58%,86%,63%,76%,73%,bye,57%,68%,46%,81%,72%,67%,64%,60%,732,0.64
Montez Sweat,DE,WAS,73%,85%,71%,72%,66%,68%,83%,71%,70%,70%,57%,72%,47%,bye,75%,79%,67%,69%,731,0.70
George Karlaftis III,DE,KC,78%,77%,80%,61%,86%,56%,65%,bye,65%,80%,55%,69%,46%,61%,51%,41%,51%,64%,730,0.64
Anthony Brown,CB,DAL,100%,100%,100%,100%,100%,100%,98%,92%,bye,36%,95%,100%,60%,0%,0%,0%,0%,0%,729,0.90
C.J. Gardner-Johnson,S,PHI,97%,100%,100%,100%,100%,76%,bye,100%,98%,100%,100%,22%,0%,0%,0%,0%,0%,100%,729,0.93
Andrew Adams,S,TEN,0%,0%,0%,68%,38%,bye,97%,80%,97%,100%,98%,47%,90%,78%,97%,36%,85%,0%,727,0.79
Kamren Curl,S,WAS,0%,0%,87%,99%,100%,100%,100%,100%,100%,100%,100%,100%,100%,bye,100%,0%,0%,0%,727,0.99
Germaine Pratt,LB,CIN,71%,70%,0%,66%,82%,81%,98%,82%,41%,bye,64%,72%,78%,81%,76%,84%,0%,85%,724,0.76
Ernest Jones,LB,LAR,58%,79%,63%,72%,76%,75%,bye,91%,57%,75%,84%,64%,69%,70%,48%,45%,66%,57%,723,0.66
Kenneth Murray Jr.,LB,LAC,71%,47%,63%,63%,72%,74%,89%,bye,66%,66%,43%,85%,75%,96%,77%,83%,67%,35%,719,0.69
Julian Blackmon,S,IND,100%,86%,19%,0%,0%,0%,36%,39%,52%,64%,69%,75%,100%,bye,99%,100%,100%,100%,718,0.76
Rodney Thomas II,S,IND,0%,0%,81%,100%,100%,100%,64%,61%,48%,36%,31%,25%,85%,bye,86%,90%,90%,86%,718,0.72
Frank Clark,DE,KC,54%,65%,72%,88%,45%,84%,70%,bye,0%,0%,80%,80%,76%,82%,70%,76%,76%,24%,717,0.69
Dre'Mont Jones,DT,DEN,93%,84%,84%,83%,73%,75%,64%,76%,bye,82%,86%,89%,83%,81%,0%,0%,0%,0%,716,0.81
Roy Robertson-Harris,DT,JAC,57%,52%,43%,80%,74%,60%,68%,52%,49%,60%,bye,56%,57%,55%,71%,83%,50%,69%,714,0.61
Javon Hargrave,DT,PHI,55%,62%,53%,70%,67%,72%,bye,61%,68%,80%,72%,63%,51%,48%,63%,75%,65%,65%,712,0.64
Christian Harris,LB,HOU,0%,0%,0%,0%,0%,bye,68%,100%,88%,100%,100%,20%,100%,99%,100%,100%,100%,100%,712,0.89
Levi Wallace,CB,PIT,33%,87%,36%,100%,68%,0%,98%,0%,bye,100%,89%,95%,94%,46%,87%,98%,54%,88%,709,0.76
Ryan Neal,S,SEA,3%,0%,0%,49%,100%,100%,100%,85%,100%,97%,bye,99%,73%,99%,100%,0%,0%,0%,706,0.84
Jarran Reed,DT,GB,68%,71%,62%,71%,77%,67%,65%,68%,73%,69%,80%,57%,69%,bye,62%,68%,57%,79%,705,0.68
Adrian Phillips,S,NE,45%,87%,100%,74%,67%,80%,62%,81%,60%,bye,52%,52%,47%,51%,63%,45%,63%,39%,704,0.62
Troy Hill,CB,LAR,95%,34%,0%,0%,0%,0%,bye,42%,99%,99%,98%,99%,0%,97%,100%,93%,100%,99%,704,0.89
Mike Hilton,CB,CIN,84%,66%,97%,86%,51%,78%,62%,64%,0%,bye,86%,74%,95%,89%,0%,89%,0%,54%,701,0.77
Eddie Jackson,S,CHI,100%,100%,88%,100%,100%,100%,100%,100%,100%,98%,100%,41%,0%,bye,0%,0%,0%,0%,698,0.94
DeMarcus Lawrence,DE,DAL,60%,67%,54%,69%,55%,62%,58%,61%,bye,72%,40%,62%,68%,65%,69%,63%,48%,55%,697,0.61
De'Vondre Campbell,LB,GB,100%,100%,100%,100%,100%,100%,100%,39%,0%,0%,0%,0%,100%,bye,100%,100%,79%,100%,694,0.94
Harrison Phillips,DT,MIN,59%,64%,71%,67%,56%,53%,bye,62%,66%,72%,64%,56%,62%,63%,59%,51%,49%,31%,694,0.60
Yannick Ngakoue,DE,IND,81%,69%,68%,59%,67%,0%,68%,70%,73%,84%,85%,77%,76%,bye,69%,71%,0%,0%,691,0.73
Quinnen Williams,DT,NYJ,64%,57%,68%,61%,70%,67%,62%,72%,74%,bye,68%,68%,72%,29%,0%,60%,68%,68%,690,0.64
Myles Bryant,CB,NE,52%,83%,37%,55%,50%,71%,44%,58%,66%,bye,60%,46%,45%,63%,63%,80%,100%,59%,689,0.61
Trent McDuffie,CB,KC,49%,0%,0%,0%,0%,0%,0%,bye,96%,98%,95%,100%,100%,99%,100%,100%,100%,100%,682,0.94
Elandon Roberts,LB,MIA,63%,68%,51%,58%,66%,75%,47%,58%,77%,40%,bye,49%,67%,54%,42%,77%,68%,61%,680,0.59
Jeremy Chinn,S,CAR,100%,100%,100%,0%,0%,0%,0%,0%,0%,0%,100%,100%,bye,100%,100%,100%,100%,100%,677,1.00
Jordan Elliott,DT,CLE,77%,67%,68%,91%,68%,71%,77%,0%,bye,49%,66%,49%,58%,61%,63%,78%,45%,64%,675,0.65
Fletcher Cox,DT,PHI,57%,66%,47%,74%,70%,75%,bye,58%,70%,84%,74%,63%,49%,45%,0%,68%,65%,62%,673,0.64
Myles Jack,LB,PIT,87%,87%,92%,96%,95%,74%,84%,89%,bye,0%,62%,69%,76%,56%,0%,0%,0%,34%,670,0.77
Sebastian Joseph-Day,DT,LAC,0%,70%,64%,67%,75%,62%,73%,bye,87%,87%,60%,79%,70%,0%,82%,65%,71%,55%,670,0.71
Marcus Maye,S,NO,100%,85%,0%,0%,0%,100%,100%,100%,100%,0%,100%,100%,100%,bye,100%,0%,0%,0%,669,0.99
Nate Hobbs,CB,LV,99%,100%,76%,100%,79%,bye,0%,0%,0%,0%,0%,0%,96%,100%,100%,96%,99%,51%,669,0.91
Rock Ya-Sin,CB,LV,81%,100%,79%,0%,67%,bye,100%,100%,100%,100%,100%,98%,52%,0%,0%,0%,0%,0%,665,0.89
Carl Lawson,DE,NYJ,52%,58%,66%,53%,73%,74%,63%,53%,60%,bye,49%,51%,59%,64%,60%,46%,53%,54%,663,0.58
Alontae Taylor,CB,NO,0%,28%,0%,0%,0%,0%,100%,100%,88%,95%,100%,64%,100%,bye,97%,86%,0%,100%,663,0.87
Zach Allen,DE,ARI,83%,84%,83%,94%,79%,84%,83%,77%,77%,70%,78%,79%,bye,54%,0%,0%,0%,0%,660,0.79
Will Harris,S,DET,9%,100%,28%,13%,28%,bye,0%,57%,76%,64%,97%,100%,89%,0%,97%,75%,94%,62%,660,0.65
Jerry Hughes,DE,HOU,60%,54%,71%,59%,65%,bye,0%,59%,65%,61%,63%,58%,56%,59%,55%,56%,56%,51%,659,0.59
Davon Godchaux,DT,NE,58%,44%,73%,66%,61%,53%,82%,53%,44%,bye,58%,67%,73%,52%,49%,52%,48%,58%,659,0.58
Jihad Ward,DT,NYG,88%,91%,66%,60%,73%,46%,66%,81%,bye,64%,64%,64%,35%,44%,41%,62%,57%,0%,657,0.62
Benjamin St-Juste,CB,WAS,87%,69%,91%,71%,89%,99%,100%,100%,100%,100%,80%,0%,0%,bye,0%,85%,0%,0%,655,0.89
Devin Bush Jr.,LB,PIT,51%,46%,76%,83%,66%,64%,74%,74%,bye,85%,53%,100%,87%,84%,54%,40%,10%,0%,654,0.66
Kristian Fulton,CB,TEN,100%,0%,99%,100%,94%,bye,100%,100%,100%,0%,70%,100%,26%,0%,0%,0%,0%,100%,653,0.89
Greg Gaines,DT,LAR,93%,80%,94%,100%,91%,0%,bye,58%,0%,0%,91%,88%,75%,83%,97%,55%,22%,0%,652,0.79
Amik Robertson,CB,LV,0%,85%,40%,100%,72%,bye,54%,44%,30%,51%,0%,6%,79%,33%,83%,97%,99%,100%,648,0.65
DaQuan Jones,DT,BUF,69%,52%,77%,70%,49%,55%,bye,56%,58%,53%,55%,58%,56%,73%,76%,56%,0%,74%,643,0.61
John Franklin-Myers,DE,NYJ,50%,46%,53%,48%,66%,63%,54%,63%,58%,bye,57%,56%,63%,64%,57%,58%,49%,52%,643,0.56
Matt Ioannidis,DE,CAR,60%,74%,74%,79%,73%,82%,0%,82%,74%,78%,0%,0%,bye,43%,74%,61%,69%,0%,641,0.71
Marcus Williams,S,BAL,100%,100%,100%,100%,46%,0%,0%,0%,0%,bye,0%,0%,0%,98%,97%,99%,100%,100%,638,0.94
Odafe Oweh,DE,BAL,81%,82%,86%,95%,87%,57%,55%,56%,57%,bye,40%,40%,32%,35%,38%,37%,44%,48%,634,0.58
Anthony Nelson,DE,TB,32%,25%,24%,36%,29%,27%,36%,45%,53%,69%,bye,56%,69%,83%,100%,100%,100%,75%,633,0.56
David Onyemata,DT,NO,63%,64%,57%,0%,65%,61%,62%,45%,54%,50%,56%,59%,59%,bye,54%,74%,64%,69%,632,0.60
Kaden Elliss,LB,NO,39%,36%,36%,14%,54%,7%,3%,14%,57%,96%,92%,100%,95%,bye,64%,77%,67%,68%,630,0.56
Larry Ogunjobi,DT,PIT,53%,63%,67%,73%,0%,64%,63%,0%,bye,77%,58%,70%,59%,62%,67%,81%,81%,69%,629,0.66
Trey Hendrickson,DE,CIN,94%,85%,59%,83%,63%,76%,57%,54%,59%,bye,70%,72%,71%,76%,0%,43%,0%,23%,629,0.65
Bradley Roby,CB,NO,100%,100%,98%,79%,56%,100%,8%,0%,0%,0%,0%,36%,90%,bye,53%,76%,84%,73%,628,0.74
Jaylon Smith,LB,NYG,0%,0%,0%,50%,65%,54%,66%,84%,bye,64%,87%,91%,74%,84%,78%,68%,62%,0%,626,0.72
Darren Hall,CB,ATL,0%,40%,0%,21%,0%,63%,100%,99%,97%,100%,100%,100%,100%,bye,87%,12%,20%,0%,623,0.73
Justin Madubuike,DT,BAL,51%,51%,61%,58%,54%,69%,62%,66%,45%,bye,0%,71%,62%,55%,70%,70%,64%,50%,622,0.60
Aaron Donald,DT,LAR,86%,90%,96%,94%,71%,80%,bye,100%,89%,96%,98%,79%,0%,0%,0%,0%,0%,0%,616,0.89
Trevis Gipson,DE,CHI,38%,34%,41%,43%,58%,0%,48%,67%,74%,89%,64%,62%,50%,bye,67%,73%,72%,76%,616,0.60
Osa Odighizuwa,DE,DAL,58%,53%,50%,49%,52%,73%,53%,58%,bye,59%,32%,50%,46%,65%,60%,54%,32%,65%,616,0.54
Malcolm Rodriguez,LB,DET,60%,73%,76%,79%,83%,bye,73%,68%,26%,0%,37%,49%,39%,51%,57%,62%,50%,30%,614,0.57
DaVon Hamilton,DT,JAC,48%,44%,33%,61%,69%,58%,61%,52%,46%,43%,bye,58%,37%,57%,73%,47%,39%,57%,610,0.52
Anthony Barr,LB,DAL,56%,87%,61%,70%,65%,34%,88%,32%,bye,0%,0%,0%,33%,47%,93%,77%,66%,85%,609,0.63
Taven Bryan,DT,CLE,83%,71%,52%,0%,49%,64%,84%,68%,bye,49%,66%,74%,49%,0%,59%,56%,55%,66%,608,0.63
Willie Gay Jr.,LB,KC,65%,92%,0%,0%,0%,0%,57%,bye,73%,67%,82%,87%,72%,62%,73%,61%,63%,56%,608,0.69
Rashad Weaver,DE,TEN,48%,84%,81%,70%,70%,bye,41%,0%,55%,54%,0%,49%,48%,39%,56%,45%,71%,51%,606,0.58
Leonard Williams,DT,NYG,82%,59%,0%,0%,0%,92%,86%,92%,bye,92%,85%,84%,41%,0%,84%,62%,53%,0%,604,0.75
Maliek Collins,DT,HOU,54%,47%,68%,67%,60%,bye,18%,0%,0%,55%,54%,55%,68%,66%,62%,69%,59%,55%,603,0.57
Derek Stingley Jr.,CB,HOU,100%,94%,100%,87%,100%,bye,100%,100%,100%,90%,0%,0%,0%,0%,0%,0%,0%,0%,600,0.97
Jaylen Watson,CB,KC,51%,68%,83%,88%,62%,99%,90%,bye,12%,34%,22%,0%,0%,36%,32%,46%,69%,67%,600,0.59
K'Waun Williams,CB,DEN,47%,79%,64%,65%,84%,81%,56%,67%,bye,61%,0%,0%,0%,69%,80%,48%,65%,12%,598,0.64
Pete Werner,LB,NO,81%,81%,97%,83%,88%,95%,85%,98%,60%,0%,0%,0%,0%,bye,74%,0%,44%,51%,597,0.78
DaRon Bland,CB,DAL,0%,0%,0%,80%,0%,0%,12%,62%,bye,55%,74%,91%,86%,91%,93%,94%,95%,45%,596,0.74
Byron Murphy Jr.,CB,ARI,100%,99%,100%,100%,100%,100%,100%,100%,100%,0%,0%,0%,bye,0%,0%,0%,0%,0%,593,1.00
Johnathan Abram,S,Multi,100%,99%,100%,96%,75%,0%,83%,34%,46%,0%,2%,0%,0%,0%,0%,68%,100%,100%,592,0.77
Cam Taylor-Britt,CB,CIN,0%,0%,0%,0%,0%,0%,60%,99%,100%,bye,100%,91%,98%,100%,78%,100%,0%,100%,591,0.93
Jaylon Johnson,CB,CHI,99%,0%,0%,0%,0%,100%,100%,98%,100%,84%,100%,100%,100%,bye,88%,0%,0%,0%,590,0.97
Robert Spillane,LB,PIT,29%,32%,42%,39%,34%,71%,58%,46%,bye,100%,58%,0%,24%,57%,100%,100%,100%,100%,588,0.59
Josh Sweat,DE,PHI,71%,57%,61%,66%,67%,64%,bye,55%,58%,43%,55%,59%,49%,47%,75%,68%,10%,0%,587,0.56
Bryce Callahan,CB,LAC,79%,84%,62%,65%,60%,76%,56%,bye,31%,32%,83%,70%,51%,0%,58%,83%,65%,0%,586,0.63
Keanu Neal,S,TB,0%,3%,2%,58%,50%,100%,82%,100%,100%,0%,bye,80%,98%,100%,48%,12%,8%,46%,581,0.59
Morgan Fox,DE,LAC,48%,49%,45%,53%,49%,38%,35%,bye,54%,68%,62%,65%,66%,73%,73%,60%,57%,48%,576,0.55
Carlos Dunlap II,DE,KC,40%,23%,44%,44%,58%,37%,58%,bye,61%,75%,35%,37%,54%,40%,48%,71%,50%,73%,572,0.50
Poona Ford,DT,SEA,47%,83%,61%,55%,64%,56%,28%,52%,0%,64%,bye,43%,47%,67%,70%,62%,0%,36%,572,0.56
Jahlani Tavai,LB,NE,28%,24%,33%,75%,79%,63%,69%,44%,56%,bye,46%,45%,27%,55%,51%,52%,48%,53%,570,0.50
Eric Rowe,CB,MIA,0%,59%,29%,64%,10%,21%,23%,0%,77%,75%,bye,90%,95%,66%,0%,80%,87%,57%,569,0.60
Rasheem Green,DE,HOU,0%,54%,57%,53%,61%,bye,59%,66%,74%,61%,38%,55%,44%,46%,40%,44%,41%,49%,568,0.52
Mike Hughes,CB,DET,68%,91%,61%,54%,45%,bye,0%,0%,53%,49%,47%,94%,0%,97%,0%,35%,65%,62%,563,0.63
Darnay Holmes,CB,NYG,62%,84%,55%,48%,71%,0%,80%,45%,bye,59%,51%,43%,0%,60%,67%,67%,72%,0%,562,0.61
D.J. Wonnum,DE,MIN,34%,44%,44%,70%,50%,0%,bye,55%,44%,44%,68%,45%,55%,59%,48%,42%,60%,73%,562,0.52
Shelby Harris,DE,SEA,68%,0%,0%,58%,55%,62%,52%,62%,54%,56%,bye,58%,64%,0%,66%,64%,51%,56%,559,0.59
Kwon Alexander,LB,NYJ,66%,46%,37%,92%,94%,27%,65%,42%,37%,bye,56%,39%,32%,27%,51%,47%,35%,43%,559,0.49
Sheldon Rankins,DT,NYJ,54%,58%,56%,50%,64%,60%,49%,63%,16%,bye,0%,0%,51%,75%,71%,60%,44%,49%,558,0.55
Al-Quadin Muhammad,DE,CHI,63%,57%,61%,54%,56%,65%,52%,83%,77%,0%,47%,0%,55%,bye,49%,59%,52%,45%,558,0.58
Denzel Perryman,LB,LV,39%,0%,0%,21%,68%,bye,57%,69%,75%,0%,69%,83%,80%,100%,100%,72%,0%,0%,555,0.70
Adoree' Jackson,CB,NYG,100%,100%,99%,100%,59%,100%,90%,100%,bye,100%,27%,0%,0%,0%,0%,0%,0%,0%,554,0.87
Xavier McKinney,S,NYG,100%,100%,100%,100%,100%,100%,100%,100%,bye,0%,0%,0%,0%,0%,0%,0%,83%,0%,554,0.98
Dalvin Tomlinson,DT,MIN,64%,73%,74%,73%,72%,58%,bye,37%,0%,0%,0%,0%,68%,61%,65%,65%,54%,31%,551,0.62
Calais Campbell,DE,BAL,49%,63%,89%,70%,63%,66%,67%,0%,63%,bye,63%,62%,64%,65%,42%,0%,0%,48%,550,0.62
Baron Browning,LB,DEN,60%,48%,34%,57%,54%,72%,0%,0%,bye,0%,64%,68%,69%,66%,69%,71%,0%,60%,549,0.62
Kyle Hamilton,S,BAL,50%,54%,24%,27%,22%,45%,35%,53%,75%,bye,37%,0%,55%,91%,58%,70%,77%,83%,548,0.53
Dorance Armstrong Jr.,DE,DAL,45%,43%,64%,54%,51%,52%,53%,39%,bye,50%,53%,42%,49%,45%,20%,54%,51%,42%,543,0.47
Jerry Jacobs,CB,DET,0%,0%,0%,0%,0%,bye,2%,0%,61%,52%,71%,82%,100%,97%,98%,100%,73%,100%,542,0.77
Charles Omenihu,DE,SF,0%,57%,38%,51%,67%,71%,59%,57%,bye,78%,58%,49%,0%,54%,53%,48%,41%,67%,540,0.56
Nick McCloud,CB,NYG,0%,0%,0%,0%,41%,0%,18%,52%,bye,20%,58%,100%,100%,91%,73%,60%,55%,96%,537,0.65
Raekwon Davis,DT,MIA,63%,54%,0%,59%,64%,77%,60%,55%,59%,46%,bye,44%,0%,45%,32%,62%,68%,52%,536,0.55
John Cominsky,DT,DET,36%,42%,0%,0%,0%,bye,0%,0%,41%,70%,75%,82%,77%,83%,81%,81%,63%,77%,534,0.67
Jeremiah Owusu-Koramoah,LB,CLE,85%,77%,37%,78%,75%,47%,80%,0%,bye,0%,95%,96%,78%,81%,0%,0%,0%,0%,534,0.75
Quinton Jefferson,DT,SEA,59%,57%,56%,59%,36%,55%,63%,58%,0%,35%,bye,51%,19%,56%,53%,36%,41%,43%,533,0.49
Dominique Robinson,DE,CHI,41%,31%,31%,43%,44%,0%,40%,36%,40%,87%,89%,56%,52%,bye,53%,52%,66%,66%,533,0.52
Denico Autry,DE,TEN,62%,49%,67%,71%,68%,bye,72%,72%,76%,65%,44%,0%,0%,0%,0%,64%,0%,86%,532,0.66
Samson Ebukam,LB,SF,50%,45%,58%,53%,71%,81%,73%,72%,bye,0%,0%,61%,59%,50%,58%,67%,0%,54%,532,0.61
DeShawn Williams,DT,DEN,62%,44%,57%,40%,48%,43%,0%,0%,bye,52%,58%,56%,57%,47%,62%,51%,72%,49%,531,0.52
Kindle Vildor,CB,CHI,79%,69%,98%,100%,95%,82%,92%,67%,4%,0%,60%,100%,0%,bye,0%,0%,0%,0%,531,0.79
Rakeem Nunez-Roches,DT,TB,33%,44%,56%,54%,56%,50%,54%,57%,39%,38%,bye,43%,37%,62%,65%,58%,0%,50%,528,0.50
Kwity Paye,DE,IND,79%,72%,63%,78%,45%,0%,0%,0%,73%,0%,0%,0%,68%,bye,73%,68%,83%,78%,528,0.71
D.J. Jones,DT,DEN,78%,68%,23%,64%,53%,57%,54%,64%,bye,61%,53%,58%,56%,24%,58%,0%,0%,0%,525,0.55
Amani Hooker,S,TEN,93%,81%,100%,0%,0%,bye,100%,41%,0%,0%,0%,100%,100%,88%,0%,0%,0%,100%,522,0.90
Ogbonnia Okoronkwo,LB,HOU,41%,33%,29%,40%,33%,bye,38%,28%,31%,36%,53%,47%,57%,51%,58%,54%,59%,60%,518,0.44
Dayo Odeyingbo,DE,IND,6%,23%,21%,26%,55%,37%,25%,39%,27%,60%,68%,75%,51%,bye,47%,53%,75%,80%,518,0.46
Shy Tuttle,DT,NO,55%,61%,74%,69%,52%,51%,50%,0%,49%,40%,41%,37%,40%,bye,46%,47%,0%,51%,514,0.50
Melvin Ingram III,DE,MIA,56%,54%,62%,52%,61%,46%,44%,27%,36%,51%,bye,59%,25%,46%,28%,20%,47%,55%,512,0.45
Jimmie Ward,DB,SF,0%,0%,0%,0%,0%,0%,88%,97%,bye,83%,65%,49%,70%,92%,66%,63%,64%,77%,509,0.74
Ade Ogundeji,LB,ATL,64%,46%,48%,52%,48%,0%,47%,30%,41%,45%,43%,71%,60%,bye,0%,71%,49%,53%,507,0.50
Cameron Dantzler Sr.,CB,MIN,90%,71%,100%,90%,100%,100%,bye,100%,30%,0%,0%,0%,0%,49%,0%,0%,11%,0%,505,0.75
Lawrence Guy Sr.,DT,NE,53%,49%,30%,0%,0%,0%,79%,58%,55%,bye,58%,72%,60%,49%,46%,54%,45%,53%,503,0.55
Vita Vea,DT,TB,61%,63%,63%,71%,61%,64%,70%,63%,61%,0%,bye,61%,63%,0%,0%,0%,58%,0%,503,0.63
T.J. Watt,LB,PIT,66%,0%,0%,0%,0%,0%,0%,0%,bye,79%,82%,86%,87%,89%,83%,87%,94%,88%,502,0.83
Ed Oliver,DT,BUF,25%,0%,0%,0%,0%,63%,bye,45%,47%,76%,75%,65%,72%,68%,69%,68%,0%,69%,502,0.62
Sione Takitaki,LB,CLE,19%,20%,52%,78%,65%,73%,56%,85%,bye,96%,89%,72%,72%,0%,0%,0%,0%,0%,497,0.65
Armon Watts,DT,CHI,31%,38%,29%,40%,47%,47%,40%,53%,65%,55%,56%,54%,56%,bye,64%,0%,42%,56%,496,0.48
Roy Lopez,DT,HOU,49%,60%,48%,54%,39%,bye,64%,47%,0%,30%,47%,42%,48%,52%,0%,51%,54%,40%,494,0.48
Jadeveon Clowney,DE,CLE,83%,49%,0%,0%,73%,0%,36%,68%,bye,64%,66%,77%,68%,70%,35%,0%,74%,0%,493,0.63
Mike Purcell,DT,DEN,45%,38%,52%,47%,38%,42%,53%,42%,bye,56%,48%,59%,25%,53%,32%,48%,60%,0%,491,0.46
Teair Tart,DT,TEN,47%,34%,39%,47%,48%,bye,0%,52%,37%,54%,49%,53%,41%,56%,0%,60%,46%,57%,489,0.47
Joshua Kalu,S,TEN,22%,40%,0%,48%,100%,bye,0%,0%,62%,29%,84%,0%,10%,24%,73%,70%,59%,92%,486,0.54
William Gholston,DE,TB,36%,43%,55%,50%,52%,36%,44%,58%,30%,25%,bye,27%,47%,65%,32%,39%,36%,57%,485,0.43
Broderick Washington Jr.,DT,BAL,40%,49%,50%,39%,35%,40%,38%,60%,31%,bye,23%,41%,42%,36%,64%,49%,57%,45%,483,0.44
Arnold Ebiketie,DE,ATL,43%,52%,61%,42%,51%,82%,53%,68%,57%,55%,52%,15%,0%,bye,36%,0%,42%,0%,483,0.51
Alex Wright,DE,CLE,32%,43%,80%,82%,25%,57%,48%,0%,bye,43%,52%,26%,42%,48%,65%,0%,35%,67%,483,0.49
Leki Fotu,DT,ARI,49%,30%,42%,0%,53%,26%,39%,45%,51%,33%,52%,26%,bye,34%,71%,58%,65%,50%,482,0.45
Arthur Maulet,CB,PIT,60%,12%,22%,74%,80%,78%,50%,61%,bye,66%,83%,28%,11%,2%,37%,28%,37%,25%,481,0.46
Ben Niemann,LB,ARI,0%,10%,31%,40%,62%,32%,33%,58%,47%,68%,26%,50%,bye,75%,28%,48%,31%,100%,481,0.46
Troy Andersen,LB,ATL,0%,14%,27%,15%,38%,100%,41%,8%,19%,26%,35%,48%,42%,bye,82%,88%,86%,95%,481,0.46
Derion Kendrick,CB,LAR,0%,0%,90%,98%,95%,100%,bye,100%,86%,0%,23%,64%,100%,0%,0%,9%,0%,0%,480,0.75
Eric Stokes,CB,GB,100%,100%,100%,100%,100%,100%,91%,98%,16%,0%,0%,0%,0%,bye,0%,0%,0%,0%,477,0.89
Kaiir Elam,CB,BUF,45%,66%,100%,99%,100%,76%,bye,58%,43%,0%,0%,30%,0%,0%,47%,48%,0%,43%,477,0.62
Arden Key,DE,JAC,32%,30%,51%,16%,34%,41%,25%,34%,49%,44%,bye,35%,34%,49%,55%,64%,59%,49%,475,0.41
Kentavius Street,DE,NO,41%,49%,52%,53%,37%,0%,41%,41%,49%,54%,47%,50%,41%,bye,51%,50%,0%,37%,475,0.47
Amani Oruwariye,CB,DET,99%,0%,99%,89%,0%,bye,100%,100%,0%,2%,58%,25%,0%,52%,0%,0%,27%,38%,475,0.65
Clelin Ferrell,DE,LV,28%,26%,45%,0%,33%,bye,63%,53%,49%,0%,34%,28%,27%,34%,28%,72%,97%,98%,473,0.47
Dean Lowry,DE,GB,61%,61%,51%,69%,66%,58%,57%,39%,60%,47%,76%,49%,50%,bye,0%,14%,0%,0%,471,0.54
Chidobe Awuzie,CB,CIN,97%,98%,100%,100%,100%,100%,94%,38%,0%,bye,0%,0%,0%,0%,0%,0%,0%,0%,471,0.90
Mike Danna,DE,KC,55%,48%,0%,0%,0%,34%,0%,bye,84%,59%,48%,61%,51%,49%,49%,62%,49%,64%,471,0.54
James Smith-Williams,DE,WAS,53%,70%,0%,54%,58%,57%,78%,67%,70%,58%,55%,63%,0%,bye,62%,35%,0%,0%,471,0.60
Jalen Mills,S,NE,97%,87%,57%,0%,70%,73%,68%,59%,66%,bye,84%,91%,0%,0%,0%,0%,0%,0%,469,0.75
Alohi Gilman,S,LAC,35%,11%,16%,21%,100%,7%,0%,bye,33%,31%,15%,100%,0%,100%,100%,58%,100%,55%,467,0.51
Darrell Taylor,DE,SEA,82%,70%,67%,46%,57%,52%,44%,0%,0%,37%,bye,0%,31%,17%,27%,43%,61%,49%,464,0.49
Divine Deablo,LB,LV,94%,100%,100%,100%,100%,bye,100%,100%,3%,0%,0%,0%,0%,0%,0%,0%,0%,0%,464,0.87
Greg Rousseau,DE,BUF,67%,46%,63%,57%,49%,46%,bye,56%,23%,0%,0%,0%,63%,59%,71%,68%,0%,63%,463,0.56
Oshane Ximines,LB,NYG,66%,60%,53%,21%,49%,56%,0%,0%,bye,73%,51%,60%,42%,0%,10%,0%,53%,100%,461,0.54
Kingsley Enagbare,DE,GB,16%,0%,35%,19%,30%,20%,42%,36%,42%,75%,55%,66%,56%,bye,69%,72%,59%,47%,461,0.47
Jason Pinnock,S,NYG,0%,0%,2%,0%,0%,0%,0%,0%,bye,36%,55%,100%,93%,84%,92%,100%,17%,64%,459,0.68
Brandon Graham,DE,PHI,42%,48%,35%,43%,48%,43%,bye,17%,38%,41%,45%,43%,33%,45%,0%,40%,74%,70%,458,0.44
Avonte Maddox,CB,PHI,84%,82%,95%,0%,0%,76%,bye,91%,48%,0%,0%,0%,0%,77%,100%,26%,0%,0%,457,0.75
Brandon Facyson,CB,IND,46%,73%,73%,22%,33%,38%,24%,23%,40%,21%,53%,45%,44%,bye,0%,46%,6%,100%,455,0.43
Jack Jones,CB,NE,18%,37%,43%,99%,61%,66%,54%,83%,65%,bye,34%,41%,76%,11%,0%,0%,0%,0%,454,0.54
Jaylon Jones,CB,CHI,0%,0%,54%,38%,91%,2%,0%,0%,51%,66%,0%,52%,98%,bye,88%,100%,39%,0%,454,0.64
Bud Dupree,LB,TEN,78%,18%,0%,14%,0%,bye,75%,80%,44%,0%,0%,81%,62%,82%,85%,43%,0%,0%,453,0.59
Shaq Lawson,DE,BUF,0%,41%,28%,37%,44%,34%,bye,0%,40%,40%,52%,69%,61%,53%,59%,68%,0%,59%,452,0.49
Carl Granderson,DE,NO,40%,33%,30%,0%,37%,0%,38%,0%,18%,49%,77%,46%,49%,bye,58%,71%,73%,54%,452,0.48
Ta'Quon Graham,DT,ATL,61%,60%,52%,79%,66%,67%,60%,69%,61%,77%,0%,0%,0%,bye,0%,0%,0%,0%,451,0.65
Von Miller,LB,BUF,52%,50%,74%,61%,49%,78%,bye,70%,73%,70%,73%,28%,0%,0%,0%,0%,0%,0%,450,0.61
Marcus Davenport,DE,NO,60%,58%,49%,78%,62%,60%,73%,43%,44%,0%,0%,49%,46%,bye,36%,0%,0%,20%,449,0.52
Geno Stone,S,BAL,0%,11%,5%,2%,56%,75%,100%,100%,100%,bye,100%,98%,100%,0%,0%,0%,0%,0%,447,0.67
Logan Ryan,CB,TB,83%,71%,58%,11%,0%,0%,0%,0%,0%,0%,bye,0%,100%,100%,100%,88%,62%,0%,446,0.73
Cole Holcomb,LB,WAS,100%,100%,91%,100%,100%,100%,100%,0%,0%,0%,0%,0%,0%,bye,0%,0%,0%,0%,446,0.99
Tae Crowder,LB,NYG,100%,83%,100%,100%,79%,68%,68%,34%,bye,3%,31%,8%,0%,25%,0%,0%,0%,0%,445,0.57
Mario Edwards Jr.,DE,TEN,0%,0%,0%,51%,56%,bye,42%,0%,47%,74%,67%,54%,44%,35%,39%,0%,56%,65%,443,0.52
Donte Jackson,CB,CAR,81%,52%,39%,78%,96%,46%,94%,64%,0%,84%,0%,0%,bye,0%,0%,0%,0%,0%,442,0.70
Andrew Billings,DT,LV,54%,51%,69%,30%,43%,bye,31%,66%,55%,62%,52%,43%,0%,0%,0%,56%,0%,54%,438,0.51
Dylan Cole,LB,TEN,8%,19%,39%,57%,52%,bye,52%,19%,34%,45%,26%,79%,77%,82%,27%,0%,0%,8%,438,0.43
Jonathon Cooper,DE,DEN,11%,0%,0%,0%,0%,28%,41%,50%,bye,69%,45%,44%,58%,54%,55%,63%,77%,60%,437,0.50
Joshua Williams,CB,KC,23%,0%,0%,0%,3%,75%,80%,bye,41%,50%,66%,100%,92%,50%,25%,26%,20%,0%,437,0.50
Rudy Ford,S,GB,0%,0%,0%,76%,0%,7%,12%,0%,6%,76%,53%,100%,100%,bye,100%,38%,86%,50%,436,0.58
Justin Hollins,LB,Multi,59%,49%,45%,66%,40%,55%,0%,62%,46%,51%,35%,26%,27%,0%,58%,48%,45%,27%,436,0.45
Marquis Haynes Sr.,LB,CAR,40%,38%,57%,30%,34%,0%,55%,24%,51%,40%,39%,47%,bye,43%,0%,44%,32%,63%,431,0.42
Sean Murphy-Bunting,CB,TB,0%,0%,0%,28%,30%,0%,0%,0%,95%,85%,bye,32%,0%,0%,100%,100%,100%,84%,430,0.71
Isaiah Rodgers Sr.,CB,IND,0%,0%,38%,44%,47%,51%,37%,64%,56%,50%,47%,52%,56%,bye,77%,15%,0%,0%,430,0.50
Brandon Stephens,CB,BAL,69%,0%,35%,89%,24%,29%,0%,49%,31%,bye,46%,81%,0%,0%,0%,96%,90%,0%,429,0.59
Jayon Brown,LB,LV,66%,77%,90%,57%,0%,bye,0%,0%,0%,100%,97%,85%,67%,0%,0%,0%,0%,0%,425,0.80
Folorunso Fatukasi,DT,JAC,48%,52%,0%,20%,0%,0%,62%,54%,54%,62%,bye,61%,62%,57%,13%,0%,47%,29%,425,0.47
Micah McFadden,LB,NYG,0%,12%,47%,44%,6%,0%,0%,42%,bye,56%,46%,64%,67%,43%,49%,53%,41%,48%,424,0.45
Jason Pierre-Paul,DE,BAL,0%,0%,0%,86%,71%,0%,63%,0%,0%,bye,58%,57%,42%,62%,59%,56%,56%,62%,422,0.61
Khalen Saunders,DT,KC,25%,28%,30%,30%,39%,40%,43%,bye,37%,36%,48%,28%,46%,47%,48%,0%,50%,51%,421,0.39
Antonio Hamilton Sr.,CB,ARI,0%,0%,0%,0%,22%,28%,49%,23%,26%,90%,100%,92%,bye,100%,0%,100%,0%,0%,418,0.62
Abdullah Anderson,DT,ATL,0%,17%,0%,26%,29%,38%,40%,32%,25%,53%,43%,65%,60%,bye,64%,71%,47%,35%,416,0.42
Marshon Lattimore,CB,NO,100%,70%,100%,100%,88%,0%,0%,0%,0%,0%,0%,0%,0%,bye,0%,0%,100%,100%,415,0.94
Tre Herndon,CB,JAC,0%,0%,84%,0%,0%,0%,66%,67%,32%,37%,bye,0%,0%,61%,75%,64%,74%,57%,415,0.62
Deion Jones,LB,CLE,0%,0%,0%,0%,0%,0%,52%,77%,bye,74%,0%,29%,29%,88%,97%,39%,65%,88%,414,0.64
Boye Mafe,DE,SEA,29%,30%,33%,43%,45%,51%,39%,43%,41%,37%,bye,35%,0%,25%,36%,38%,37%,43%,414,0.38
Tavierre Thomas,CB,HOU,0%,0%,0%,0%,0%,bye,0%,0%,17%,64%,60%,54%,67%,66%,52%,67%,73%,78%,410,0.60
Kamu Grugier-Hill,LB,Multi,100%,99%,87%,97%,79%,0%,32%,0%,0%,0%,0%,0%,0%,0%,9%,22%,0%,34%,408,0.64
DeMarcus Walker,DT,TEN,27%,46%,47%,0%,0%,bye,20%,35%,25%,55%,31%,34%,26%,49%,59%,24%,69%,31%,406,0.39
Neville Gallimore,DT,DAL,35%,40%,38%,31%,34%,46%,0%,34%,bye,39%,42%,36%,32%,47%,33%,38%,35%,33%,403,0.37
Joe Thomas,LB,CHI,0%,0%,44%,62%,0%,21%,8%,14%,46%,42%,22%,0%,0%,bye,59%,100%,99%,100%,402,0.54
Dawuane Smoot,DE,JAC,38%,0%,49%,29%,40%,0%,29%,34%,49%,54%,bye,42%,45%,55%,63%,69%,0%,0%,401,0.45
Bruce Irvin,DE,SEA,0%,0%,0%,0%,0%,0%,34%,72%,59%,63%,bye,69%,69%,78%,53%,43%,16%,39%,400,0.54
Michael Hoecht,DT,LAR,0%,0%,0%,0%,0%,0%,bye,0%,0%,1%,9%,84%,84%,83%,77%,75%,86%,90%,399,0.63
Terrance Mitchell,CB,TEN,0%,0%,76%,44%,87%,bye,38%,57%,34%,100%,13%,0%,11%,82%,24%,0%,0%,0%,398,0.51
Damone Clark,LB,DAL,0%,0%,0%,0%,0%,0%,0%,51%,bye,11%,75%,72%,49%,44%,74%,69%,65%,83%,398,0.59
Jabrill Peppers,S,NE,30%,29%,63%,21%,38%,0%,48%,68%,34%,bye,28%,38%,37%,41%,16%,31%,63%,14%,397,0.37
Jerry Tillery,DT,Multi,0%,33%,45%,46%,39%,50%,49%,0%,0%,0%,36%,0%,73%,72%,46%,28%,31%,58%,397,0.47
DeAndre Houston-Carson,S,CHI,0%,0%,0%,0%,0%,0%,4%,0%,12%,0%,9%,100%,100%,bye,100%,89%,72%,100%,395,0.69
Justin Houston,DE,BAL,64%,69%,0%,0%,0%,0%,27%,35%,65%,bye,44%,41%,72%,47%,30%,51%,49%,15%,391,0.47
Duke Shelley,CB,MIN,0%,0%,0%,0%,0%,0%,bye,0%,0%,4%,0%,100%,41%,51%,100%,100%,97%,100%,389,0.71
Boogie Basham Jr.,DT,BUF,39%,41%,28%,24%,37%,16%,bye,32%,27%,30%,65%,75%,39%,55%,34%,0%,0%,37%,388,0.39
Keion Crossen,CB,MIA,28%,34%,12%,53%,0%,23%,0%,23%,27%,16%,bye,59%,30%,55%,47%,27%,98%,46%,383,0.38
Shaquil Barrett,LB,TB,71%,85%,82%,74%,74%,77%,64%,46%,0%,0%,bye,0%,0%,0%,0%,0%,0%,0%,382,0.71
Kurt Hinish,DT,HOU,41%,36%,0%,39%,0%,bye,59%,47%,62%,58%,46%,33%,43%,0%,0%,26%,40%,36%,381,0.43
Rashad Fenton,CB,Multi,74%,97%,99%,94%,97%,0%,0%,0%,0%,100%,0%,0%,0%,0%,0%,0%,0%,0%,379,0.94
Josiah Scott,CB,PHI,0%,0%,0%,89%,100%,0%,bye,0%,0%,65%,74%,67%,75%,25%,3%,58%,46%,0%,379,0.59
Rashan Gary,LB,GB,79%,88%,66%,74%,70%,84%,61%,76%,45%,0%,0%,0%,0%,bye,0%,0%,0%,0%,378,0.70
Robert Quinn,LB,Multi,72%,76%,71%,66%,63%,63%,62%,26%,0%,27%,0%,22%,0%,0%,0%,0%,0%,29%,375,0.52
Cory Littleton,LB,CAR,35%,8%,26%,39%,100%,69%,37%,25%,27%,30%,17%,0%,bye,0%,41%,14%,28%,45%,373,0.36
Malik Reed,LB,PIT,32%,66%,79%,53%,57%,62%,53%,56%,bye,0%,29%,22%,31%,0%,0%,19%,0%,0%,373,0.47
Milton Williams,DT,PHI,48%,36%,49%,28%,0%,27%,bye,39%,40%,46%,28%,37%,45%,38%,19%,18%,38%,35%,373,0.36
Cornell Armstrong,CB,ATL,0%,0%,0%,0%,0%,0%,87%,96%,100%,0%,0%,0%,0%,bye,13%,88%,80%,100%,372,0.82
Derrick Nnadi,DT,KC,32%,47%,38%,23%,41%,37%,38%,bye,41%,0%,35%,24%,25%,33%,38%,41%,20%,30%,370,0.34
Marcus Jones,CB,NE,7%,0%,0%,0%,23%,49%,13%,10%,11%,bye,0%,0%,45%,89%,100%,90%,0%,86%,370,0.50
Keith Taylor Jr.,CB,CAR,0%,0%,6%,0%,0%,60%,51%,21%,88%,19%,12%,53%,bye,7%,96%,38%,86%,0%,369,0.46
Mario Addison,DE,HOU,0%,0%,0%,0%,64%,bye,52%,24%,43%,46%,49%,46%,51%,48%,25%,0%,44%,49%,368,0.45
Cam Sample,DE,CIN,0%,30%,40%,19%,43%,28%,40%,39%,0%,bye,44%,26%,22%,0%,76%,95%,0%,56%,368,0.43
Duke Riley,LB,MIA,35%,52%,30%,33%,17%,0%,39%,45%,23%,48%,bye,51%,36%,32%,42%,11%,8%,36%,367,0.34
Akiem Hicks,DE,TB,58%,28%,0%,0%,0%,0%,0%,0%,0%,63%,bye,72%,66%,59%,62%,57%,67%,19%,366,0.55
Monty Rice,LB,TEN,0%,0%,0%,0%,0%,bye,0%,0%,5%,54%,30%,9%,36%,71%,90%,91%,81%,55%,366,0.51
Josh Jones,S,SEA,80%,100%,100%,80%,18%,32%,23%,40%,49%,0%,bye,13%,0%,0%,0%,0%,0%,0%,365,0.52
Dane Belton,S,NYG,0%,79%,17%,74%,33%,71%,32%,0%,bye,100%,58%,0%,0%,0%,0%,0%,0%,100%,365,0.63
Christian Benford,CB,BUF,58%,91%,44%,0%,0%,39%,bye,42%,62%,96%,67%,46%,0%,0%,0%,0%,0%,0%,363,0.62
Nathan Shepherd,DT,NYJ,0%,37%,0%,34%,0%,26%,34%,27%,37%,bye,49%,42%,31%,47%,50%,44%,42%,37%,361,0.38
Justin Evans,S,NO,68%,72%,44%,0%,100%,11%,97%,33%,0%,12%,0%,16%,29%,bye,24%,44%,0%,0%,360,0.44
A'Shawn Robinson,DT,LAR,64%,64%,39%,64%,51%,73%,bye,77%,55%,81%,28%,0%,0%,0%,0%,0%,0%,0%,359,0.59
Chris Harris Jr.,CB,NO,0%,0%,0%,0%,0%,98%,94%,86%,57%,65%,98%,47%,0%,bye,0%,0%,0%,0%,358,0.76
Josh Uche,DE,NE,28%,34%,8%,22%,38%,0%,0%,37%,40%,bye,0%,25%,43%,64%,44%,49%,48%,41%,356,0.38
Casey Hayward Jr.,CB,ATL,97%,73%,100%,79%,94%,78%,0%,0%,0%,0%,0%,0%,0%,bye,0%,0%,0%,0%,355,0.87
Tyus Bowser,LB,BAL,0%,0%,0%,0%,0%,0%,0%,0%,67%,bye,72%,60%,64%,67%,70%,70%,57%,53%,355,0.64
Efe Obada,DE,WAS,30%,43%,51%,34%,33%,36%,24%,0%,35%,30%,48%,0%,53%,bye,24%,19%,40%,63%,354,0.38
D.J. Reader,DT,CIN,67%,61%,23%,0%,0%,0%,0%,0%,0%,bye,0%,74%,73%,61%,66%,64%,0%,58%,353,0.59
Kevin Givens,DT,SF,28%,39%,47%,43%,51%,69%,39%,48%,bye,57%,49%,49%,52%,0%,0%,0%,0%,0%,350,0.48
Brandon Jones,S,MIA,100%,64%,90%,39%,97%,92%,56%,0%,0%,0%,bye,0%,0%,0%,0%,0%,0%,0%,350,0.76
Derrick Barnes,LB,DET,29%,0%,0%,33%,23%,bye,29%,26%,68%,69%,47%,36%,36%,0%,0%,25%,52%,57%,349,0.40
A.J. Epenesa,DE,BUF,54%,38%,0%,27%,55%,0%,bye,30%,37%,60%,8%,0%,37%,49%,36%,43%,0%,41%,347,0.40
Anfernee Jennings,LB,NE,0%,17%,20%,38%,33%,59%,49%,25%,45%,bye,18%,23%,24%,29%,25%,28%,25%,49%,343,0.32
Luke Masterson,LB,LV,0%,0%,0%,0%,0%,bye,0%,0%,16%,72%,5%,20%,11%,56%,68%,84%,100%,95%,342,0.52
Kerry Hyder Jr.,DT,SF,0%,29%,27%,43%,38%,36%,38%,34%,bye,45%,46%,33%,30%,39%,36%,0%,33%,31%,341,0.36
Casey Toohill,LB,WAS,43%,18%,0%,44%,41%,35%,22%,36%,26%,44%,41%,33%,53%,bye,40%,0%,42%,36%,341,0.37
Shaquill Griffin,CB,JAC,100%,100%,0%,100%,81%,99%,0%,0%,0%,0%,bye,0%,0%,0%,0%,0%,0%,0%,336,0.97
Andrew Van Ginkel,LB,MIA,12%,0%,23%,9%,32%,38%,32%,42%,14%,36%,bye,38%,37%,20%,19%,50%,63%,39%,334,0.31
Bryan Cook,S,KC,34%,8%,13%,73%,17%,0%,32%,bye,24%,23%,57%,87%,0%,28%,14%,41%,27%,34%,334,0.33
Angelo Blackson,DT,CHI,0%,59%,61%,55%,38%,54%,60%,41%,32%,47%,0%,29%,0%,bye,7%,0%,49%,0%,333,0.44
Terrell Lewis,DE,LAR,39%,49%,58%,32%,55%,55%,bye,42%,64%,62%,51%,18%,0%,0%,0%,0%,0%,0%,332,0.48
Al Woods,DT,SEA,32%,54%,60%,45%,26%,0%,23%,32%,0%,61%,bye,45%,38%,28%,0%,0%,27%,0%,330,0.39
Jack Sanborn,LB,CHI,0%,0%,0%,0%,0%,0%,0%,22%,88%,90%,95%,100%,100%,bye,41%,0%,0%,0%,330,0.76
Arik Armstead,DT,SF,72%,69%,0%,41%,0%,0%,0%,0%,bye,0%,0%,0%,46%,67%,73%,66%,79%,0%,328,0.64
Isaiah Oliver,CB,ATL,0%,0%,0%,0%,0%,50%,56%,52%,52%,29%,41%,31%,32%,bye,0%,0%,76%,71%,328,0.49
Christian Barmore,DT,NE,55%,59%,58%,63%,56%,29%,0%,0%,0%,bye,0%,0%,0%,0%,50%,34%,46%,46%,328,0.49
Justin Ellis,DT,NYG,28%,31%,45%,53%,49%,22%,18%,0%,bye,0%,25%,23%,29%,40%,19%,15%,26%,66%,327,0.33
Jordan Phillips,DT,BUF,52%,46%,0%,0%,28%,39%,bye,55%,55%,54%,40%,46%,50%,0%,0%,24%,0%,0%,327,0.44
Sam Webb,CB,LV,0%,0%,33%,0%,33%,bye,0%,0%,22%,97%,61%,72%,61%,100%,0%,15%,0%,0%,327,0.55
Jonas Griffith,LB,DEN,58%,41%,59%,63%,37%,76%,83%,50%,bye,0%,0%,0%,0%,0%,0%,0%,0%,0%,323,0.59
Jonah Williams,DE,LAR,0%,0%,0%,0%,0%,20%,bye,0%,0%,4%,0%,32%,85%,93%,93%,54%,50%,57%,323,0.54
Nik Bonitto,DE,DEN,0%,0%,16%,0%,37%,23%,25%,58%,bye,50%,47%,44%,0%,41%,40%,37%,62%,0%,322,0.40
Jacob Phillips,LB,CLE,38%,39%,78%,100%,100%,100%,48%,0%,bye,0%,0%,0%,0%,0%,0%,0%,0%,0%,320,0.72
Mike Pennel Jr.,DT,CHI,21%,34%,31%,37%,32%,23%,31%,0%,25%,35%,33%,33%,0%,bye,30%,38%,46%,42%,317,0.33
Tanoh Kpassagnon,DE,NO,0%,30%,28%,0%,0%,26%,26%,45%,46%,46%,64%,37%,41%,bye,34%,0%,0%,46%,317,0.39
Timmy Horne,DT,ATL,31%,0%,0%,23%,28%,0%,31%,25%,28%,23%,39%,47%,45%,bye,60%,71%,39%,0%,317,0.36
Jourdan Lewis,CB,DAL,79%,86%,81%,0%,100%,73%,54%,0%,bye,0%,0%,0%,0%,0%,0%,0%,0%,0%,316,0.79
Tim Settle,DT,BUF,42%,0%,65%,61%,0%,0%,bye,33%,40%,24%,32%,34%,22%,34%,37%,40%,0%,26%,315,0.37
Zach Carter,DT,CIN,0%,0%,35%,38%,34%,42%,72%,74%,51%,bye,37%,0%,0%,0%,38%,21%,0%,42%,315,0.43
Daniel Ekuale,DT,NE,0%,0%,28%,30%,27%,37%,30%,41%,39%,bye,38%,0%,53%,51%,0%,37%,25%,27%,314,0.36
Azeez Al-Shaair,LB,SF,52%,39%,23%,0%,0%,0%,0%,0%,bye,53%,35%,47%,26%,14%,34%,36%,66%,92%,314,0.42
E.J. Speed,LB,IND,54%,34%,25%,33%,21%,27%,39%,13%,5%,36%,1%,26%,31%,bye,14%,37%,13%,63%,314,0.27
Emmanuel Moseley,CB,SF,100%,100%,99%,100%,83%,0%,0%,0%,bye,0%,0%,0%,0%,0%,0%,0%,0%,0%,311,0.96
Micheal Clemons,DT,NYJ,43%,34%,28%,25%,15%,12%,20%,18%,32%,bye,29%,33%,22%,0%,34%,43%,47%,31%,311,0.29
Drake Jackson,DE,SF,29%,0%,30%,35%,45%,21%,50%,36%,bye,33%,58%,26%,20%,33%,23%,0%,23%,0%,301,0.34
T.J. Slaton,DT,GB,29%,34%,0%,24%,41%,36%,32%,37%,29%,0%,33%,34%,17%,bye,22%,40%,41%,52%,299,0.34
Tomon Fox,LB,NYG,42%,34%,0%,24%,17%,20%,48%,42%,bye,20%,34%,28%,11%,0%,0%,0%,24%,100%,299,0.34
Jonathan Bullard,DT,MIN,48%,40%,44%,28%,34%,36%,bye,0%,55%,45%,51%,56%,7%,0%,0%,0%,0%,0%,297,0.39
Nik Needham,CB,MIA,98%,44%,98%,83%,100%,25%,0%,0%,0%,0%,bye,0%,0%,0%,0%,0%,0%,0%,297,0.78
Jermaine Johnson II,DE,NYJ,34%,33%,29%,34%,0%,0%,0%,0%,24%,bye,37%,35%,28%,41%,35%,39%,50%,38%,297,0.35
Dante Fowler Jr.,DE,DAL,16%,30%,36%,35%,45%,21%,27%,47%,bye,31%,39%,30%,0%,24%,29%,0%,29%,0%,296,0.32
Tre'Davious White,CB,BUF,0%,0%,0%,0%,0%,0%,bye,0%,0%,0%,0%,0%,61%,100%,100%,92%,0%,100%,292,0.92
Pat Jones II,DE,MIN,23%,25%,0%,22%,20%,47%,bye,19%,17%,23%,44%,9%,24%,36%,0%,17%,43%,71%,292,0.29
Danny Johnson,CB,WAS,0%,0%,0%,0%,0%,0%,0%,0%,76%,0%,20%,0%,45%,bye,100%,25%,100%,100%,291,0.68
Malcolm Roach,DT,NO,0%,0%,0%,0%,29%,39%,39%,34%,44%,52%,0%,46%,32%,bye,32%,23%,22%,41%,291,0.37
Reed Blankenship,S,PHI,0%,0%,0%,0%,0%,0%,bye,0%,0%,0%,3%,71%,100%,28%,0%,95%,97%,71%,291,0.66
Tre Avery,CB,TEN,0%,29%,0%,0%,0%,bye,0%,0%,2%,18%,33%,26%,81%,0%,0%,100%,99%,22%,290,0.45
Keisean Nixon,CB,GB,2%,0%,88%,53%,0%,0%,3%,2%,63%,2%,2%,82%,71%,bye,100%,14%,0%,0%,289,0.40
Joseph Ossai,DE,CIN,0%,13%,51%,31%,0%,24%,28%,35%,0%,bye,12%,14%,22%,25%,50%,62%,0%,59%,288,0.33
Emmanuel Ogbah,DE,MIA,70%,61%,76%,0%,64%,69%,0%,53%,34%,15%,bye,0%,0%,0%,0%,0%,0%,0%,287,0.55
Austin Johnson,DT,LAC,55%,61%,67%,49%,54%,59%,54%,bye,52%,0%,0%,0%,0%,0%,0%,0%,0%,0%,286,0.57
Solomon Thomas,DE,NYJ,36%,39%,0%,36%,28%,0%,35%,27%,0%,bye,0%,37%,26%,32%,34%,28%,38%,31%,285,0.33
Hassan Ridgeway,DT,SF,21%,14%,41%,42%,43%,48%,41%,38%,bye,38%,35%,44%,57%,0%,0%,0%,0%,0%,284,0.39
Darius Harris,LB,KC,23%,4%,87%,33%,69%,77%,22%,bye,0%,8%,0%,9%,24%,11%,14%,0%,17%,11%,282,0.29
Ronald Darby,CB,DEN,100%,100%,100%,100%,41%,0%,0%,0%,bye,0%,0%,0%,0%,0%,0%,0%,0%,0%,281,0.86
Jace Whittaker,CB,ARI,13%,67%,94%,0%,0%,0%,0%,0%,0%,0%,0%,0%,bye,0%,90%,0%,95%,98%,281,0.75
Roderic Teamer,S,LV,24%,28%,48%,4%,4%,bye,0%,0%,0%,0%,50%,46%,36%,8%,46%,25%,42%,66%,281,0.33
Chad Muma,LB,JAC,10%,0%,0%,0%,19%,0%,5%,3%,8%,40%,bye,100%,76%,0%,15%,32%,40%,51%,281,0.34
Cobie Durant,DB,LAR,0%,38%,0%,0%,0%,0%,bye,0%,0%,0%,0%,0%,40%,62%,65%,76%,75%,70%,281,0.61
Chris Rumph II,DE,LAC,19%,12%,57%,47%,46%,36%,0%,bye,0%,0%,31%,0%,28%,51%,34%,44%,24%,31%,279,0.36
Josh Paschal,DE,DET,0%,0%,0%,0%,0%,bye,89%,91%,81%,28%,0%,0%,27%,23%,0%,19%,48%,27%,279,0.49
David Long Jr.,CB,LAR,71%,75%,0%,0%,0%,70%,bye,0%,33%,88%,18%,36%,51%,0%,0%,0%,0%,0%,278,0.54
Marquise Copeland,DT,LAR,0%,21%,0%,0%,42%,55%,bye,0%,0%,41%,47%,32%,48%,60%,0%,0%,48%,57%,278,0.45
P.J. Williams,CB,NO,19%,34%,100%,75%,0%,0%,0%,0%,13%,100%,0%,1%,0%,bye,0%,20%,31%,0%,277,0.42
Zyon McCollum,CB,TB,0%,0%,0%,0%,20%,0%,100%,100%,4%,0%,bye,13%,69%,38%,0%,0%,0%,90%,277,0.55
Khyiris Tonga,DT,MIN,0%,0%,0%,0%,0%,0%,bye,21%,33%,28%,44%,13%,34%,41%,39%,38%,60%,51%,276,0.36
Tony Fields II,LB,CLE,0%,0%,2%,0%,0%,0%,0%,6%,bye,14%,40%,23%,51%,16%,46%,78%,78%,70%,276,0.39
Adam Gotsis,DE,JAC,31%,24%,30%,71%,43%,32%,0%,0%,0%,11%,bye,18%,0%,33%,24%,17%,27%,31%,275,0.31
Caden Sterns,S,DEN,9%,100%,95%,100%,100%,0%,0%,0%,bye,0%,0%,0%,0%,0%,0%,0%,0%,0%,275,0.84
Damontae Kazee,S,PIT,0%,0%,0%,0%,0%,0%,0%,0%,bye,100%,39%,50%,43%,59%,33%,89%,33%,47%,273,0.54
Josh Tupou,DT,CIN,30%,46%,42%,64%,71%,26%,0%,0%,0%,bye,0%,0%,27%,22%,30%,25%,0%,24%,272,0.37
Josh Bynes,LB,BAL,38%,52%,71%,61%,68%,62%,55%,0%,0%,bye,0%,0%,0%,0%,0%,0%,0%,0%,271,0.57
Montravius Adams,DT,PIT,5%,16%,21%,16%,45%,15%,32%,42%,bye,28%,17%,33%,46%,38%,0%,30%,56%,16%,270,0.27
Chris Wormley,DT,PIT,41%,32%,32%,31%,0%,46%,34%,0%,bye,32%,39%,30%,44%,36%,0%,0%,0%,0%,268,0.36
Tanner Vallejo,LB,ARI,0%,30%,27%,17%,16%,32%,25%,20%,37%,0%,62%,24%,bye,3%,54%,19%,18%,26%,268,0.27
Travis Jones,DT,BAL,0%,0%,44%,25%,0%,58%,38%,31%,29%,bye,0%,17%,0%,29%,33%,42%,37%,32%,268,0.35
James Lynch,DT,MIN,26%,25%,12%,27%,12%,26%,bye,35%,38%,29%,54%,16%,21%,36%,23%,0%,0%,0%,267,0.27
Michael Dogbe,DT,ARI,51%,27%,40%,37%,30%,19%,18%,0%,0%,0%,45%,0%,bye,0%,0%,15%,65%,76%,265,0.37
Quinton Bohanna,DT,DAL,42%,37%,35%,28%,0%,37%,41%,24%,bye,36%,0%,28%,0%,23%,20%,21%,20%,0%,265,0.30
Kevin Strong,DT,TEN,40%,46%,0%,24%,22%,bye,0%,24%,0%,34%,21%,29%,41%,15%,20%,24%,44%,0%,264,0.30
Jon Bostic,LB,WAS,0%,0%,9%,0%,16%,0%,0%,14%,65%,86%,75%,47%,59%,bye,71%,0%,0%,0%,263,0.48
Jonathan Greenard,DE,HOU,67%,58%,57%,54%,0%,bye,0%,0%,0%,0%,0%,0%,0%,0%,0%,49%,41%,40%,263,0.53
Perrion Winfrey,DT,CLE,9%,0%,0%,29%,48%,49%,19%,0%,bye,0%,0%,0%,57%,52%,56%,46%,0%,41%,263,0.41
Carlos Watkins,DT,DAL,0%,0%,0%,0%,0%,0%,34%,23%,bye,25%,25%,31%,31%,35%,43%,41%,37%,68%,261,0.36
Jake Martin,LB,Multi,34%,36%,34%,38%,16%,18%,24%,26%,0%,35%,23%,11%,60%,31%,0%,0%,0%,0%,261,0.30
James Pierre,CB,PIT,0%,0%,0%,0%,41%,94%,52%,47%,bye,0%,0%,47%,20%,16%,30%,30%,2%,44%,260,0.40
Myjai Sanders,DE,ARI,0%,0%,0%,0%,11%,12%,22%,15%,29%,35%,16%,44%,bye,54%,16%,46%,42%,48%,259,0.30
Leo Chenal,LB,KC,15%,29%,15%,0%,38%,27%,20%,bye,43%,17%,20%,0%,8%,12%,43%,28%,31%,33%,257,0.25
Josh Metellus,S,MIN,0%,14%,100%,7%,0%,0%,bye,0%,5%,0%,17%,0%,2%,100%,0%,19%,22%,96%,255,0.37
Ronnie Harrison Jr.,S,CLE,42%,27%,0%,24%,30%,0%,38%,19%,bye,45%,9%,33%,14%,28%,57%,30%,0%,7%,254,0.29
Brent Urban,DE,BAL,0%,31%,0%,0%,22%,37%,27%,29%,25%,bye,25%,19%,26%,0%,35%,39%,43%,35%,253,0.31
Verone McKinley III,S,MIA,0%,0%,0%,0%,0%,0%,21%,80%,0%,48%,bye,36%,8%,20%,86%,21%,17%,38%,253,0.37
Carl Nassib,DE,TB,28%,16%,19%,26%,30%,20%,36%,24%,30%,19%,bye,33%,49%,59%,0%,0%,0%,0%,251,0.30
Charles Harris,DE,DET,83%,70%,92%,79%,0%,bye,0%,0%,0%,23%,0%,0%,0%,0%,0%,0%,0%,0%,251,0.71
Raekwon McMillan,LB,NE,70%,20%,0%,0%,32%,34%,15%,19%,26%,bye,18%,33%,19%,25%,10%,6%,35%,19%,250,0.25
Ahkello Witherspoon,CB,PIT,100%,100%,69%,0%,0%,0%,0%,53%,bye,0%,0%,0%,0%,0%,0%,0%,0%,0%,248,0.84
Anthony Averett,CB,LV,51%,0%,0%,0%,0%,bye,100%,100%,72%,0%,55%,0%,0%,0%,0%,0%,0%,0%,248,0.75
Bryan Mone,DT,SEA,14%,43%,32%,30%,48%,51%,0%,20%,0%,0%,bye,27%,42%,44%,0%,0%,0%,0%,248,0.36
Malik Harrison,LB,BAL,26%,34%,42%,23%,30%,55%,45%,53%,14%,bye,7%,11%,13%,0%,12%,0%,0%,11%,247,0.27
Dee Alford,CB,ATL,34%,19%,23%,23%,67%,18%,0%,21%,22%,12%,17%,13%,12%,bye,11%,12%,31%,24%,246,0.23
J.C. Jackson,CB,LAC,0%,100%,0%,100%,97%,45%,55%,bye,0%,0%,0%,0%,0%,0%,0%,0%,0%,0%,244,0.79
Ifeadi Odenigbo,DE,Multi,16%,0%,13%,22%,33%,33%,25%,41%,32%,40%,37%,0%,0%,0%,22%,0%,0%,47%,241,0.30
Tre Norwood,CB,PIT,35%,9%,0%,63%,100%,99%,16%,5%,bye,17%,0%,0%,0%,0%,0%,15%,0%,0%,241,0.41
Sam Williams,DE,DAL,0%,14%,25%,23%,38%,15%,24%,0%,bye,27%,47%,0%,29%,24%,34%,0%,40%,23%,241,0.28
Noah Igbinoghene,CB,MIA,0%,0%,0%,0%,53%,60%,100%,32%,26%,0%,bye,0%,0%,0%,42%,0%,50%,0%,238,0.52
Logan Hall,DT,TB,29%,0%,44%,0%,58%,0%,42%,39%,0%,0%,bye,25%,19%,38%,0%,0%,0%,69%,238,0.40
John Ridgeway III,DT,WAS,0%,0%,0%,25%,0%,36%,9%,43%,20%,16%,34%,54%,26%,bye,21%,38%,56%,19%,237,0.30
Mack Wilson Sr.,LB,NE,35%,65%,68%,14%,14%,41%,14%,36%,29%,bye,28%,22%,13%,0%,0%,0%,0%,0%,236,0.31
Tyquan Lewis,DE,IND,46%,54%,0%,74%,0%,65%,80%,61%,0%,0%,0%,0%,0%,bye,0%,0%,0%,0%,235,0.62
Henry Mondeaux,DT,NYG,0%,0%,45%,13%,0%,0%,0%,0%,bye,34%,48%,48%,33%,53%,0%,0%,10%,49%,233,0.38
Christian Matthew,CB,ARI,1%,0%,0%,0%,0%,3%,0%,0%,0%,0%,0%,0%,bye,19%,96%,37%,100%,98%,233,0.47
Marlon Tuipulotu,DT,PHI,42%,30%,44%,26%,32%,27%,bye,47%,43%,45%,0%,0%,0%,0%,0%,0%,0%,0%,232,0.38
Breiden Fehoko,DT,LAC,0%,0%,0%,0%,0%,0%,0%,bye,0%,59%,40%,42%,49%,59%,55%,0%,0%,58%,228,0.51
Nick Williams,DE,NYG,49%,47%,55%,56%,52%,64%,24%,16%,bye,0%,0%,0%,0%,0%,0%,0%,0%,0%,227,0.45
Akeem Davis-Gaither,LB,CIN,19%,15%,69%,17%,31%,15%,68%,10%,33%,bye,18%,18%,11%,7%,8%,4%,0%,17%,227,0.22
Benito Jones,DT,DET,0%,30%,0%,0%,13%,bye,33%,21%,30%,0%,22%,32%,36%,0%,0%,28%,50%,50%,224,0.31
Jaquan Johnson,S,BUF,3%,36%,100%,0%,100%,0%,bye,26%,100%,0%,0%,0%,0%,0%,0%,8%,0%,1%,223,0.42
Azeez Ojulari,LB,NYG,0%,0%,47%,48%,0%,0%,0%,0%,bye,0%,0%,0%,58%,60%,81%,31%,0%,0%,223,0.54
Julian Okwara,DE,DET,0%,45%,28%,29%,7%,bye,33%,32%,35%,38%,42%,27%,0%,0%,0%,0%,0%,0%,222,0.32
John Jenkins,DT,MIA,18%,0%,40%,17%,0%,0%,20%,15%,19%,16%,bye,0%,31%,20%,29%,33%,28%,18%,221,0.24
Victor Dimukeje,DE,ARI,37%,31%,4%,0%,22%,44%,44%,46%,34%,13%,0%,0%,bye,22%,20%,0%,0%,0%,220,0.30
Damarion Williams,CB,BAL,15%,52%,30%,0%,75%,25%,62%,53%,14%,bye,0%,0%,0%,0%,0%,1%,0%,9%,220,0.32
Juston Burris,CB,CAR,0%,0%,0%,0%,97%,92%,73%,30%,0%,0%,0%,0%,bye,46%,0%,0%,0%,0%,219,0.68
Tyrel Dodson,LB,BUF,0%,20%,0%,1%,84%,0%,bye,0%,0%,64%,100%,14%,0%,0%,0%,10%,0%,0%,219,0.42
Tyler Hall,CB,LV,0%,0%,0%,0%,0%,bye,0%,0%,0%,0%,28%,49%,0%,53%,66%,56%,39%,47%,219,0.48
Johnathan Hankins,DT,Multi,48%,38%,48%,30%,0%,0%,18%,42%,0%,39%,0%,0%,40%,15%,0%,0%,0%,0%,218,0.35
Tyson Alualu,DT,PIT,33%,47%,54%,26%,0%,18%,18%,0%,bye,0%,21%,0%,28%,33%,26%,17%,0%,0%,216,0.30
Andrew Wingard,S,JAC,0%,0%,0%,0%,0%,0%,0%,5%,20%,0%,bye,47%,100%,88%,0%,3%,34%,8%,216,0.39
Jack Gibbens,LB,TEN,0%,0%,0%,0%,0%,bye,0%,0%,0%,0%,0%,0%,0%,10%,46%,72%,100%,96%,215,0.64
Dee Delaney,CB,TB,0%,0%,0%,0%,0%,83%,22%,51%,0%,0%,bye,14%,0%,30%,50%,0%,0%,69%,213,0.46
Tommy Togiai,DT,CLE,15%,36%,0%,67%,25%,40%,27%,30%,bye,52%,17%,0%,0%,0%,0%,0%,0%,22%,212,0.33
Essang Bassey,S,DEN,0%,0%,0%,0%,39%,0%,0%,0%,bye,26%,67%,36%,58%,0%,11%,0%,5%,63%,210,0.39
Will Parks,S,NYJ,0%,0%,0%,0%,34%,0%,0%,0%,11%,bye,3%,12%,12%,0%,100%,96%,0%,38%,209,0.39
Bravvion Roy,DT,CAR,38%,18%,0%,0%,0%,0%,0%,0%,35%,16%,71%,0%,bye,20%,22%,21%,0%,67%,208,0.34
Michael Dwumfour,DT,Multi,45%,25%,35%,0%,0%,0%,0%,0%,0%,0%,41%,49%,33%,0%,0%,30%,0%,35%,207,0.37
Corey Peters,DT,JAC,0%,0%,0%,0%,43%,32%,39%,0%,14%,22%,bye,25%,0%,0%,41%,0%,36%,39%,206,0.33
Patrick Johnson,DE,PHI,12%,20%,36%,9%,0%,22%,bye,34%,23%,22%,0%,0%,22%,22%,25%,11%,26%,22%,206,0.22
Thomas Booker IV,DT,HOU,0%,31%,29%,33%,0%,bye,48%,34%,26%,20%,0%,0%,0%,31%,34%,28%,0%,0%,206,0.31
Zach Cunningham,LB,TEN,78%,69%,37%,0%,0%,bye,0%,61%,37%,0%,0%,0%,0%,0%,0%,22%,0%,0%,205,0.49
Jake Hansen,LB,HOU,0%,0%,0%,0%,4%,bye,0%,0%,12%,25%,40%,32%,33%,31%,39%,33%,27%,22%,205,0.27
Damien Wilson,LB,CAR,39%,12%,35%,22%,67%,34%,21%,28%,26%,0%,0%,0%,bye,0%,0%,5%,1%,0%,204,0.26
William Jackson III,CB,WAS,100%,95%,0%,100%,23%,0%,0%,0%,0%,0%,0%,0%,0%,bye,0%,0%,0%,0%,204,0.79
Dennis Gardeck,LB,ARI,29%,49%,29%,39%,22%,16%,0%,0%,0%,0%,34%,15%,bye,5%,16%,11%,29%,29%,203,0.24
Tremon Smith,CB,HOU,0%,0%,0%,0%,0%,bye,0%,0%,0%,0%,0%,0%,0%,73%,100%,0%,0%,100%,202,0.91
David Mayo,LB,WAS,0%,26%,1%,0%,0%,3%,0%,33%,0%,0%,0%,9%,0%,bye,6%,88%,91%,82%,200,0.34
Devonte Wyatt,DT,GB,19%,10%,0%,9%,0%,0%,16%,0%,16%,17%,23%,25%,17%,bye,20%,48%,59%,52%,200,0.25
Kendal Vickers,DT,LV,30%,67%,0%,36%,39%,bye,38%,30%,0%,45%,0%,0%,0%,0%,0%,0%,0%,0%,198,0.42
Jonathan Ledbetter,DE,ARI,29%,0%,0%,0%,16%,0%,0%,0%,33%,0%,40%,0%,bye,29%,59%,51%,26%,0%,194,0.36
Rachad Wildgoose,CB,WAS,0%,0%,69%,0%,52%,69%,70%,41%,0%,0%,0%,0%,0%,bye,0%,2%,0%,0%,194,0.53
Dean Marlowe,S,Multi,2%,43%,0%,0%,20%,2%,0%,100%,0%,0%,0%,0%,0%,0%,0%,0%,0%,100%,193,0.49
Cameron Thomas,DE,ARI,6%,0%,6%,17%,14%,13%,33%,0%,23%,0%,16%,23%,bye,29%,0%,42%,37%,29%,192,0.23
DeAngelo Malone,DE,ATL,0%,19%,0%,5%,0%,0%,26%,11%,19%,24%,28%,29%,38%,bye,15%,13%,30%,38%,192,0.22
Linval Joseph,DT,PHI,0%,0%,0%,0%,0%,0%,bye,0%,0%,0%,40%,61%,24%,30%,54%,49%,30%,19%,189,0.38
Randy Gregory,DE,DEN,47%,68%,71%,61%,0%,0%,0%,0%,bye,0%,0%,0%,0%,0%,35%,17%,0%,0%,189,0.50
Trysten Hill,DT,Multi,31%,0%,38%,28%,32%,32%,29%,0%,0%,0%,21%,23%,0%,0%,33%,10%,0%,0%,186,0.28
Bryce Huff,DE,NYJ,0%,0%,0%,14%,22%,29%,25%,18%,26%,bye,21%,16%,25%,22%,28%,0%,10%,18%,185,0.21
Henry Anderson,DE,CAR,34%,38%,26%,0%,22%,35%,0%,0%,0%,0%,0%,0%,bye,0%,16%,27%,23%,40%,182,0.29
Chase Winovich,DE,CLE,0%,37%,0%,0%,0%,0%,0%,0%,bye,0%,14%,0%,38%,0%,37%,59%,38%,51%,178,0.39
Jonathan Garvin,DE,GB,0%,0%,18%,22%,20%,18%,0%,0%,32%,34%,38%,26%,37%,bye,0%,0%,31%,0%,178,0.28
Matt Henningsen,DT,DEN,0%,27%,0%,23%,20%,27%,27%,28%,bye,15%,17%,29%,0%,0%,12%,0%,0%,25%,175,0.23
Dallis Flowers,CB,IND,0%,0%,0%,0%,0%,0%,0%,0%,0%,0%,0%,0%,0%,bye,27%,40%,94%,98%,174,0.61
Isaiah McDuffie,LB,GB,10%,0%,0%,0%,0%,0%,0%,68%,24%,82%,12%,24%,0%,bye,0%,0%,21%,8%,173,0.33
Jordan Willis,LB,SF,0%,0%,0%,0%,0%,0%,0%,0%,bye,40%,54%,0%,24%,37%,0%,38%,24%,50%,171,0.38
Vinny Curry,DE,NYJ,0%,0%,0%,0%,0%,23%,32%,35%,27%,bye,29%,30%,22%,0%,12%,17%,0%,22%,170,0.25
M.J. Stewart Jr.,CB,HOU,0%,0%,0%,0%,0%,bye,0%,31%,23%,0%,24%,20%,19%,18%,39%,15%,30%,30%,169,0.25
Cor'Dale Flott,CB,NYG,0%,71%,30%,0%,0%,0%,0%,0%,bye,0%,33%,53%,26%,35%,0%,0%,0%,0%,168,0.40
Elijah Hicks,S,CHI,0%,0%,0%,0%,0%,0%,0%,0%,0%,0%,0%,62%,100%,bye,0%,11%,30%,49%,168,0.50
Myles Adams,DE,SEA,0%,0%,0%,0%,29%,30%,42%,0%,0%,28%,bye,0%,0%,22%,27%,38%,29%,0%,167,0.30
Joey Bosa,DE,LAC,92%,91%,17%,0%,0%,0%,0%,bye,0%,0%,0%,0%,0%,0%,0%,0%,49%,35%,165,0.54
JuJu Hughes,S,DET,25%,0%,88%,0%,0%,bye,25%,99%,0%,0%,0%,0%,0%,0%,0%,0%,0%,0%,165,0.59
Kelvin Joseph,CB,DAL,0%,0%,7%,0%,0%,3%,0%,8%,bye,64%,5%,0%,40%,61%,53%,0%,3%,0%,165,0.27
Tony Jefferson II,S,NYG,20%,17%,0%,0%,21%,0%,0%,0%,bye,0%,0%,0%,33%,32%,30%,32%,33%,23%,164,0.27
Lonnie Johnson Jr.,CB,TEN,0%,34%,14%,0%,0%,bye,0%,31%,27%,9%,0%,0%,0%,0%,0%,79%,34%,0%,164,0.32
Tre Flowers,CB,CIN,8%,16%,27%,19%,14%,19%,0%,36%,0%,bye,22%,14%,11%,15%,19%,0%,0%,13%,162,0.18
Akayleb Evans,CB,MIN,10%,29%,0%,8%,0%,0%,bye,0%,70%,47%,0%,0%,59%,0%,0%,0%,0%,0%,162,0.39
Daniel Sorensen,S,NO,0%,0%,0%,0%,0%,0%,0%,2%,0%,0%,3%,0%,0%,bye,4%,59%,100%,100%,161,0.43
Payton Turner,DE,NO,19%,0%,26%,28%,0%,0%,0%,57%,38%,46%,20%,0%,0%,bye,0%,0%,0%,0%,161,0.33
Ja'Sir Taylor,CB,LAC,0%,0%,0%,0%,0%,0%,0%,bye,0%,0%,3%,3%,11%,90%,42%,17%,35%,80%,161,0.34
Austin Bryant,DE,DET,35%,0%,26%,0%,78%,bye,0%,0%,0%,0%,37%,51%,0%,0%,0%,0%,0%,0%,160,0.44
Jordan Davis,DT,PHI,32%,0%,31%,36%,42%,33%,bye,25%,0%,0%,0%,0%,0%,0%,0%,12%,26%,0%,160,0.29
Bobby Brown III,DT,LAR,0%,0%,0%,0%,0%,0%,bye,0%,0%,15%,0%,7%,25%,20%,63%,43%,36%,26%,159,0.30
Oren Burks,LB,SF,0%,0%,0%,0%,28%,45%,0%,100%,bye,3%,14%,2%,0%,5%,0%,8%,9%,48%,157,0.24
Trayvon Mullen Jr.,CB,Multi,0%,0%,0%,35%,0%,0%,0%,0%,0%,42%,14%,44%,0%,71%,0%,0%,0%,53%,157,0.44
Chauncey Golston,DT,DAL,0%,0%,15%,0%,0%,39%,0%,25%,bye,0%,32%,16%,19%,0%,0%,13%,38%,33%,157,0.25
Chris Board,S,DET,40%,22%,32%,11%,0%,bye,0%,6%,5%,8%,14%,9%,18%,23%,16%,10%,0%,7%,155,0.16
K'Von Wallace,S,PHI,3%,8%,0%,0%,0%,27%,bye,0%,20%,7%,0%,6%,18%,72%,69%,7%,9%,2%,155,0.20
Landon Collins,S,NYG,0%,0%,0%,0%,0%,0%,32%,0%,bye,0%,0%,0%,0%,0%,43%,46%,55%,52%,153,0.45
Jaleel Johnson,DT,Multi,0%,0%,0%,0%,0%,0%,0%,50%,62%,25%,0%,29%,0%,0%,25%,0%,23%,33%,153,0.35
Marquan McCall,DT,CAR,0%,18%,20%,20%,30%,0%,27%,0%,34%,10%,0%,12%,bye,0%,7%,11%,17%,13%,151,0.19
T.Y. McGill Jr.,DT,SF,0%,0%,0%,0%,0%,0%,0%,0%,bye,0%,30%,33%,0%,45%,0%,30%,54%,31%,150,0.38
Eyioma Uwazurike,DT,DEN,0%,0%,0%,0%,15%,0%,0%,0%,bye,0%,0%,38%,24%,0%,38%,34%,32%,44%,150,0.32
Carl Davis Jr.,DE,NE,23%,24%,0%,27%,0%,31%,37%,0%,0%,bye,0%,14%,0%,16%,15%,16%,11%,0%,149,0.21
Jonathan Harris,DT,DEN,0%,0%,0%,0%,0%,0%,0%,0%,bye,39%,12%,0%,0%,31%,32%,51%,70%,0%,149,0.38
Neil Farrell Jr.,DT,LV,0%,0%,0%,0%,29%,bye,15%,48%,39%,0%,36%,0%,0%,16%,0%,21%,0%,22%,149,0.28
Rodarius Williams,CB,NYG,0%,0%,0%,0%,0%,0%,0%,0%,bye,0%,40%,67%,0%,0%,0%,0%,0%,96%,147,0.68
DeMarvin Leal,DT,PIT,17%,24%,18%,39%,41%,0%,0%,0%,bye,0%,0%,0%,0%,15%,0%,0%,52%,23%,147,0.27
Blake Cashman,LB,HOU,0%,24%,24%,7%,0%,bye,0%,9%,9%,7%,9%,42%,0%,18%,5%,28%,10%,21%,146,0.16
Samuel Womack III,CB,SF,45%,61%,3%,0%,22%,62%,0%,0%,bye,0%,23%,2%,0%,0%,0%,16%,0%,15%,146,0.27
Jalen Dalton,DT,ATL,0%,0%,0%,0%,0%,0%,0%,16%,26%,18%,49%,0%,0%,bye,33%,37%,42%,0%,145,0.31
Tershawn Wharton,DE,KC,51%,43%,54%,66%,0%,0%,0%,bye,0%,0%,0%,0%,0%,0%,0%,0%,0%,0%,145,0.53
Isaiah Thomas,DE,CLE,0%,0%,0%,44%,1%,27%,36%,34%,bye,43%,0%,0%,0%,27%,0%,22%,0%,0%,145,0.27
Jeremy Reaves,S,WAS,9%,5%,9%,0%,0%,1%,4%,0%,0%,2%,0%,0%,0%,bye,0%,85%,98%,36%,143,0.25
Tarell Basham,DE,Multi,29%,0%,0%,0%,0%,0%,0%,0%,0%,0%,0%,0%,0%,36%,30%,45%,59%,0%,142,0.40
Israel Mukuamu,CB,DAL,0%,30%,36%,38%,0%,0%,0%,46%,bye,0%,12%,2%,6%,11%,6%,6%,6%,0%,142,0.19
Kyle Peko,DT,LV,0%,0%,0%,0%,0%,bye,0%,0%,0%,43%,0%,32%,16%,25%,34%,22%,40%,0%,141,0.30
Tracy Walker III,S,DET,75%,100%,11%,0%,0%,bye,0%,0%,0%,0%,0%,0%,0%,0%,0%,0%,0%,0%,140,0.63
L.J. Collier,LB,SEA,0%,0%,0%,0%,0%,0%,0%,28%,30%,0%,bye,22%,0%,29%,39%,38%,29%,0%,140,0.30
Javon Kinlaw,DT,SF,67%,43%,57%,0%,0%,0%,0%,0%,bye,0%,0%,0%,0%,0%,0%,22%,0%,42%,140,0.46
James Houston,LB,DET,0%,0%,0%,0%,0%,bye,0%,0%,0%,0%,0%,6%,21%,32%,40%,21%,63%,50%,140,0.31
Byron Cowart,DT,IND,0%,14%,0%,0%,19%,24%,14%,0%,0%,7%,25%,26%,19%,bye,21%,0%,30%,0%,138,0.20
Jay Tufele,DT,CIN,0%,0%,0%,0%,0%,32%,45%,51%,47%,bye,11%,19%,0%,0%,20%,0%,0%,0%,138,0.31
Akeem Spence,DT,SF,0%,0%,28%,0%,26%,64%,33%,0%,bye,0%,0%,0%,0%,0%,31%,26%,0%,0%,136,0.34
Krys Barnes,LB,GB,15%,0%,0%,0%,0%,0%,0%,0%,40%,0%,67%,64%,0%,bye,0%,0%,0%,11%,136,0.41
Earnest Brown IV,DE,LAR,0%,0%,0%,0%,0%,0%,bye,0%,0%,0%,0%,0%,0%,3%,15%,51%,55%,77%,136,0.40
Josh Blackwell,CB,CHI,0%,0%,0%,0%,0%,0%,0%,0%,0%,0%,0%,0%,77%,bye,1%,62%,58%,0%,133,0.44
A.J. Green III,CB,CLE,0%,1%,0%,0%,13%,1%,0%,51%,bye,0%,57%,12%,12%,4%,0%,0%,25%,27%,131,0.18
Isaac Rochell,DE,Multi,0%,0%,44%,89%,27%,46%,0%,6%,0%,0%,0%,0%,0%,0%,0%,0%,0%,0%,129,0.42
Grant Haley,CB,LAR,0%,0%,81%,42%,75%,0%,bye,0%,0%,0%,0%,0%,0%,0%,0%,0%,0%,0%,129,0.69
Devon Kennard,LB,Multi,50%,25%,31%,17%,27%,0%,18%,31%,0%,0%,0%,0%,0%,0%,0%,0%,0%,0%,128,0.29
Nahshon Wright,CB,DAL,0%,0%,0%,0%,0%,0%,0%,0%,bye,0%,0%,0%,0%,3%,27%,54%,72%,33%,128,0.38
Otito Ogbonnia,DT,LAC,16%,0%,47%,0%,0%,28%,39%,bye,46%,14%,0%,0%,0%,0%,0%,0%,0%,0%,127,0.32
Ryder Anderson,DE,NYG,0%,0%,0%,0%,0%,0%,8%,0%,bye,0%,0%,0%,0%,54%,19%,28%,0%,71%,127,0.36
Christian Covington,DT,LAC,0%,0%,0%,33%,48%,0%,0%,bye,64%,48%,0%,0%,0%,0%,0%,0%,0%,0%,124,0.48
Justin Bethel,CB,MIA,0%,0%,0%,0%,0%,25%,79%,18%,0%,34%,bye,0%,0%,0%,22%,0%,0%,0%,123,0.37
Joe Schobert,LB,TEN,0%,0%,0%,38%,16%,bye,19%,0%,0%,0%,25%,0%,51%,32%,0%,0%,0%,0%,122,0.31
Naquan Jones,DT,TEN,0%,32%,26%,0%,5%,bye,0%,0%,29%,16%,0%,0%,0%,18%,32%,0%,0%,0%,121,0.23
Dax Hill,S,CIN,0%,0%,6%,0%,9%,4%,0%,28%,6%,bye,0%,11%,7%,1%,89%,2%,0%,6%,120,0.16
Romeo Okwara,DE,DET,0%,0%,0%,0%,0%,bye,0%,0%,0%,0%,0%,0%,0%,38%,41%,60%,29%,20%,119,0.39
Anthony Walker Jr.,LB,CLE,68%,74%,52%,0%,0%,0%,0%,0%,bye,0%,0%,0%,0%,0%,0%,0%,0%,0%,119,0.65
Nick Cross,S,IND,100%,65%,0%,0%,0%,2%,0%,0%,0%,0%,0%,0%,0%,bye,1%,0%,0%,0%,118,0.41
Chase Young,DE,WAS,0%,0%,0%,0%,0%,0%,0%,0%,0%,0%,0%,0%,0%,bye,0%,58%,67%,70%,115,0.65
Joe Gaziano,DT,LAC,0%,0%,0%,0%,0%,0%,0%,bye,0%,0%,43%,36%,41%,33%,32%,0%,0%,0%,114,0.37
Tony Adams,S,NYJ,0%,1%,0%,0%,0%,0%,0%,0%,0%,bye,0%,0%,0%,5%,9%,0%,83%,68%,114,0.31
AJ Parker,CB,DET,0%,0%,0%,0%,78%,bye,68%,34%,0%,0%,0%,0%,0%,0%,0%,0%,0%,0%,113,0.59
Brian Asamoah II,LB,MIN,0%,0%,0%,0%,12%,3%,bye,4%,0%,0%,21%,0%,0%,17%,27%,39%,41%,0%,112,0.21
Russ Yeast,S,LAR,0%,0%,0%,0%,0%,0%,bye,0%,0%,4%,21%,0%,19%,12%,14%,51%,23%,26%,112,0.21
Percy Butler,S,WAS,13%,0%,0%,0%,0%,0%,0%,0%,0%,14%,0%,0%,29%,bye,13%,12%,9%,87%,112,0.27
Derrek Tuszka,DE,Multi,0%,0%,23%,0%,15%,14%,11%,0%,18%,17%,25%,0%,13%,0%,0%,15%,0%,22%,111,0.17
Harrison Hand,S,CHI,0%,0%,0%,0%,0%,0%,0%,0%,0%,0%,0%,0%,0%,bye,0%,0%,56%,99%,110,0.77
P.J. Locke,S,DEN,0%,24%,18%,0%,0%,3%,7%,0%,bye,79%,8%,14%,8%,6%,0%,6%,0%,0%,109,0.16
Terrel Bernard,LB,BUF,0%,29%,0%,0%,33%,0%,bye,0%,98%,5%,7%,0%,0%,0%,0%,0%,0%,0%,109,0.32
Greg Mabin,CB,TEN,0%,0%,0%,0%,0%,bye,0%,0%,0%,0%,20%,0%,0%,18%,80%,15%,20%,0%,108,0.31
Jarrad Davis,LB,Multi,0%,0%,0%,0%,0%,0%,0%,0%,0%,20%,0%,0%,0%,22%,16%,0%,0%,96%,106,0.41
K'Lavon Chaisson,DE,JAC,12%,30%,7%,0%,0%,0%,0%,0%,0%,0%,bye,0%,0%,12%,20%,22%,47%,12%,106,0.20
Ndamukong Suh,DE,PHI,0%,0%,0%,0%,0%,0%,bye,0%,0%,0%,26%,0%,45%,0%,32%,30%,32%,0%,105,0.33
Blake Martinez,LB,LV,0%,0%,0%,0%,10%,bye,23%,31%,91%,0%,0%,0%,0%,0%,0%,0%,0%,0%,105,0.39
Andrew Booth Jr.,CB,MIN,0%,0%,0%,0%,0%,0%,bye,0%,0%,49%,94%,0%,0%,0%,0%,0%,0%,0%,105,0.71
Sam Okuayinonu,DE,TEN,0%,0%,0%,0%,32%,bye,0%,26%,0%,32%,31%,19%,0%,0%,0%,0%,16%,0%,105,0.26
A.J. Klein,LB,Multi,0%,0%,0%,0%,0%,5%,0%,22%,0%,0%,0%,100%,0%,0%,0%,24%,0%,0%,104,0.40
Eric Murray,CB,HOU,0%,1%,0%,0%,0%,bye,20%,50%,14%,19%,13%,12%,0%,0%,0%,0%,0%,32%,104,0.19
Ezekiel Turner,S,ARI,23%,1%,0%,0%,0%,1%,1%,0%,4%,0%,2%,0%,bye,0%,13%,0%,55%,61%,104,0.15
Christian Holmes,CB,WAS,0%,0%,9%,0%,0%,0%,0%,0%,0%,0%,0%,96%,55%,bye,0%,0%,0%,9%,103,0.40
Michael Brockers,DT,DET,36%,34%,26%,43%,0%,bye,0%,0%,0%,0%,0%,0%,0%,0%,0%,0%,0%,0%,102,0.35
Deadrin Senat,DT,TB,0%,0%,21%,21%,26%,19%,24%,0%,0%,0%,bye,0%,0%,27%,21%,0%,0%,0%,102,0.23
Caleb Farley,CB,TEN,28%,72%,0%,41%,14%,bye,0%,0%,0%,0%,0%,0%,0%,0%,0%,0%,0%,0%,102,0.39
Micah Hyde,S,BUF,97%,64%,0%,0%,0%,0%,bye,0%,0%,0%,0%,0%,0%,0%,0%,0%,0%,0%,101,0.82
Greedy Williams,CB,CLE,0%,0%,0%,0%,0%,53%,22%,47%,bye,0%,25%,0%,12%,0%,0%,0%,0%,0%,100,0.31
Jordan Kunaszyk,LB,CLE,0%,0%,2%,0%,0%,6%,0%,23%,bye,29%,0%,0%,3%,18%,48%,35%,0%,0%,100,0.20
C.J. Moore,CB,DET,0%,0%,0%,0%,0%,bye,0%,3%,31%,52%,4%,6%,0%,6%,46%,3%,0%,0%,100,0.18
Garret Wallow,LB,HOU,0%,0%,22%,29%,24%,bye,0%,53%,26%,0%,0%,0%,0%,0%,0%,0%,0%,0%,100,0.30
Ifeatu Melifonwu,CB,DET,0%,0%,0%,0%,8%,bye,0%,0%,0%,0%,0%,0%,0%,0%,0%,97%,50%,0%,97,0.53
Zech McPhearson,CB,PHI,0%,20%,21%,94%,0%,0%,bye,0%,0%,0%,0%,0%,22%,19%,0%,0%,0%,0%,96,0.32
Jermaine Carter Jr.,LB,CLE,0%,0%,0%,0%,0%,0%,0%,0%,bye,0%,0%,0%,0%,0%,16%,28%,42%,53%,93,0.36
Rashard Lawrence,DT,ARI,41%,49%,0%,0%,0%,40%,6%,0%,0%,0%,0%,0%,bye,0%,0%,0%,0%,0%,93,0.34
Teez Tabor,CB,SEA,0%,0%,0%,0%,0%,0%,0%,0%,0%,0%,bye,0%,38%,3%,0%,49%,47%,11%,92,0.29
Sidney Jones IV,CB,Multi,18%,0%,0%,30%,0%,0%,0%,0%,0%,23%,0%,0%,0%,5%,17%,0%,0%,49%,92,0.24
Michael Pierce,DT,BAL,54%,49%,17%,0%,0%,0%,0%,0%,0%,bye,0%,0%,0%,0%,0%,0%,0%,0%,91,0.42
Jordan Fuller,S,LAR,31%,59%,0%,74%,0%,0%,bye,0%,0%,0%,0%,0%,0%,0%,0%,0%,0%,0%,91,0.54
Larrell Murchison,DT,Multi,0%,0%,0%,0%,0%,0%,0%,13%,0%,16%,0%,0%,22%,0%,0%,24%,38%,20%,90,0.22
Esezi Otomewo,DT,MIN,0%,0%,0%,0%,0%,0%,bye,0%,0%,0%,0%,0%,0%,14%,18%,26%,25%,61%,89,0.27
Anthony Rush,DT,ATL,46%,21%,25%,38%,0%,0%,0%,0%,0%,0%,0%,0%,0%,bye,0%,0%,0%,0%,87,0.32
Josh Jackson,CB,Multi,0%,0%,0%,0%,46%,82%,0%,0%,0%,0%,0%,0%,0%,0%,0%,0%,0%,0%,85,0.66
Nick Vigil,LB,ARI,51%,39%,38%,8%,0%,0%,0%,0%,0%,0%,0%,0%,bye,0%,0%,0%,0%,0%,84,0.36
Mike Ford,CB,ATL,28%,27%,28%,12%,13%,12%,0%,4%,0%,0%,0%,0%,0%,bye,0%,0%,0%,0%,83,0.17
Ben Banogu,DE,IND,0%,6%,6%,9%,15%,0%,7%,0%,0%,0%,0%,49%,0%,bye,0%,0%,13%,20%,83,0.16
Zack Baun,LB,NO,0%,0%,0%,0%,0%,0%,0%,0%,25%,33%,2%,46%,6%,bye,0%,0%,0%,0%,83,0.23
Elijah Molden,CB,TEN,0%,0%,0%,0%,0%,bye,0%,0%,0%,70%,0%,37%,0%,0%,0%,0%,0%,0%,82,0.55
Matt Dickerson,DE,ATL,21%,0%,0%,0%,18%,20%,0%,0%,0%,0%,0%,0%,35%,bye,0%,0%,0%,35%,81,0.25
Terrell Burgess,S,Multi,0%,0%,31%,0%,100%,0%,0%,0%,0%,0%,0%,0%,0%,0%,0%,0%,0%,0%,81,0.58
Kyle Fuller,CB,BAL,95%,0%,0%,0%,0%,0%,0%,0%,0%,bye,0%,0%,0%,0%,0%,0%,0%,0%,80,0.95
Pat O'Connor,DE,TB,0%,6%,0%,1%,0%,0%,0%,26%,0%,0%,bye,0%,0%,0%,14%,17%,0%,47%,79,0.17
Elijah Campbell,S,MIA,7%,0%,0%,0%,0%,0%,0%,0%,22%,9%,bye,2%,6%,31%,0%,8%,12%,18%,79,0.13
Isaiah Pola-Mao,S,LV,0%,0%,0%,0%,0%,bye,0%,0%,0%,0%,12%,0%,17%,33%,18%,4%,6%,31%,79,0.17
Demetrius Flannigan-Fowles,LB,SF,0%,0%,28%,0%,12%,12%,56%,0%,bye,0%,0%,0%,0%,0%,0%,8%,0%,0%,78,0.23
Tanner Muse,S,SEA,0%,0%,0%,0%,0%,0%,0%,0%,0%,0%,bye,0%,2%,0%,30%,0%,29%,62%,78,0.32
Sam Franklin Jr.,LB,CAR,0%,0%,0%,0%,0%,0%,0%,0%,0%,0%,42%,60%,bye,0%,0%,0%,17%,0%,78,0.38
Jalen Reeves-Maybin,LB,HOU,0%,0%,0%,3%,21%,bye,0%,0%,12%,0%,0%,67%,0%,0%,0%,0%,0%,0%,77,0.27
Isaiahh Loudermilk,DE,PIT,0%,0%,0%,0%,0%,31%,0%,40%,bye,0%,0%,6%,0%,0%,20%,0%,0%,27%,75,0.25
Shaquille Leonard,LB,IND,0%,0%,0%,30%,0%,0%,0%,39%,54%,0%,0%,0%,0%,bye,0%,0%,0%,0%,74,0.42
Sean Chandler,CB,CAR,0%,0%,0%,43%,13%,0%,6%,7%,31%,0%,0%,0%,bye,0%,0%,0%,0%,0%,74,0.21
Zyon Gilbert,CB,NYG,0%,0%,0%,0%,0%,0%,0%,0%,bye,0%,0%,0%,66%,12%,0%,0%,16%,0%,73,0.35
Xavier Rhodes,CB,BUF,0%,0%,0%,0%,0%,0%,bye,0%,0%,0%,33%,0%,87%,0%,0%,0%,0%,0%,72,0.55
Aaron Robinson,CB,NYG,95%,0%,0%,16%,0%,0%,0%,0%,bye,0%,0%,0%,0%,0%,0%,0%,0%,0%,72,0.56
Jamir Jones,DE,PIT,18%,9%,7%,7%,0%,7%,0%,0%,bye,0%,5%,12%,0%,16%,0%,4%,0%,16%,72,0.11
Malik Herring,DT,KC,0%,0%,6%,0%,31%,0%,33%,bye,16%,20%,0%,0%,0%,0%,0%,0%,0%,0%,71,0.22
Josh Norman,CB,CAR,0%,0%,0%,0%,0%,0%,0%,0%,0%,0%,0%,0%,bye,0%,0%,0%,13%,100%,70,0.51
Greg Stroman Jr.,CB,CHI,0%,0%,0%,0%,0%,0%,0%,0%,0%,0%,0%,0%,0%,bye,0%,0%,0%,99%,70,0.99
Khaleke Hudson,LB,WAS,0%,0%,0%,0%,0%,0%,0%,0%,0%,0%,0%,0%,0%,bye,0%,4%,2%,100%,70,0.42
Tae Hayes,CB,Multi,0%,0%,0%,0%,0%,26%,4%,0%,23%,0%,0%,0%,0%,0%,0%,0%,34%,14%,69,0.20
Ja'Quan McMillian,CB,DEN,0%,0%,0%,0%,0%,0%,0%,0%,bye,0%,0%,0%,0%,0%,0%,0%,0%,100%,68,1.00
Reggie Ragland,LB,CLE,0%,0%,0%,0%,0%,0%,0%,0%,bye,0%,0%,0%,0%,0%,0%,61%,35%,12%,66,0.33
Deon Bush,S,KC,23%,0%,0%,0%,17%,25%,11%,bye,0%,0%,5%,19%,0%,0%,0%,0%,0%,0%,66,0.17
Trey Flowers,DE,MIA,0%,14%,45%,23%,0%,2%,0%,0%,0%,0%,bye,0%,0%,0%,0%,0%,0%,0%,65,0.25
Genard Avery,LB,TB,0%,0%,0%,0%,0%,6%,6%,0%,28%,0%,bye,24%,20%,16%,0%,0%,0%,0%,64,0.17
Brandin Echols,CB,NYJ,0%,7%,3%,0%,6%,16%,9%,8%,0%,bye,11%,5%,26%,0%,0%,0%,0%,0%,64,0.10
Christopher Hinton,DT,LAC,0%,0%,0%,0%,0%,0%,0%,bye,0%,0%,0%,0%,0%,0%,0%,17%,37%,55%,63,0.38
Austin Calitro,LB,Multi,68%,9%,20%,0%,0%,0%,0%,0%,0%,0%,0%,0%,0%,0%,0%,0%,0%,0%,62,0.33
Siran Neal,CB,BUF,3%,20%,0%,0%,33%,18%,bye,0%,3%,0%,0%,0%,0%,0%,0%,16%,0%,0%,62,0.16
Marcell Harris,S,NYJ,0%,0%,22%,44%,7%,0%,11%,0%,0%,bye,8%,0%,0%,0%,0%,0%,0%,0%,62,0.18
Ross Blacklock,DT,MIN,16%,7%,0%,0%,22%,0%,bye,24%,0%,0%,0%,31%,0%,0%,0%,0%,0%,0%,62,0.19
Demone Harris,DE,HOU,42%,0%,0%,0%,0%,bye,0%,38%,0%,0%,0%,0%,0%,0%,0%,0%,0%,0%,61,0.40
Chris Banjo,S,ARI,0%,0%,0%,0%,0%,9%,0%,0%,0%,20%,29%,0%,bye,0%,13%,9%,15%,0%,60,0.15
Quentin Lake,S,LAR,0%,0%,0%,0%,0%,0%,bye,0%,0%,0%,0%,0%,0%,0%,0%,12%,0%,74%,60,0.44
D'Anthony Bell,S,CLE,0%,0%,0%,0%,0%,0%,0%,0%,bye,1%,0%,0%,0%,0%,0%,0%,32%,51%,60,0.25
Montaric Brown,CB,JAC,0%,0%,0%,0%,0%,0%,0%,0%,41%,24%,bye,0%,26%,0%,0%,0%,0%,0%,59,0.30
Daryl Worley,CB,BAL,0%,0%,0%,0%,0%,0%,0%,0%,0%,bye,0%,0%,0%,0%,0%,0%,0%,88%,58,0.88
Ola Adeniyi,DE,TEN,0%,44%,0%,0%,0%,bye,0%,0%,0%,0%,0%,0%,38%,0%,0%,0%,0%,0%,58,0.41
Taco Charlton,DE,CHI,0%,0%,0%,0%,0%,0%,0%,0%,0%,0%,0%,0%,35%,bye,27%,22%,0%,0%,57,0.28
Harvey Langi,LB,Multi,0%,0%,0%,0%,0%,0%,0%,0%,0%,0%,0%,0%,0%,0%,0%,0%,67%,20%,57,0.45
Markus Bailey,LB,CIN,3%,3%,0%,0%,0%,3%,45%,11%,39%,bye,0%,5%,0%,0%,0%,0%,0%,0%,57,0.13
Manny Jones,DT,ARI,0%,0%,0%,0%,0%,0%,0%,0%,0%,0%,0%,0%,bye,0%,19%,0%,35%,35%,57,0.29
Ugo Amadi,S,Multi,63%,26%,0%,0%,0%,0%,0%,0%,0%,0%,0%,0%,0%,0%,0%,0%,0%,0%,56,0.43
Taylor Stallworth,DT,Multi,0%,0%,0%,0%,0%,0%,18%,0%,8%,0%,0%,13%,14%,28%,0%,0%,0%,0%,55,0.17
Troy Reeder,LB,LAC,0%,0%,1%,0%,0%,0%,1%,bye,0%,10%,32%,0%,5%,0%,0%,0%,0%,34%,55,0.12
Malcolm Koonce,DE,LV,0%,0%,5%,23%,6%,bye,0%,9%,3%,0%,0%,0%,0%,0%,2%,19%,13%,8%,55,0.10
Khalid Kareem,DE,IND,0%,0%,0%,0%,0%,0%,0%,0%,0%,0%,0%,0%,0%,bye,0%,18%,32%,34%,54,0.28
Brandon Smith,LB,CAR,0%,0%,0%,0%,3%,0%,0%,0%,11%,0%,35%,17%,bye,17%,0%,0%,0%,0%,53,0.17
Brandon Copeland,LB,BAL,0%,0%,39%,11%,30%,0%,0%,0%,0%,bye,0%,0%,0%,0%,0%,0%,0%,0%,52,0.27
Darryl Johnson,DE,SEA,0%,24%,35%,19%,0%,0%,0%,0%,0%,0%,bye,0%,0%,0%,0%,0%,0%,0%,52,0.25
Matthew Butler,DT,LV,0%,0%,9%,4%,0%,bye,0%,0%,30%,0%,0%,0%,17%,0%,17%,0%,0%,0%,52,0.16
Justin Coleman,CB,SEA,77%,0%,0%,0%,0%,0%,0%,0%,0%,0%,bye,0%,0%,0%,0%,0%,0%,0%,51,0.77
Jalen Davis,CB,CIN,0%,0%,0%,0%,0%,0%,0%,0%,94%,bye,0%,0%,0%,6%,0%,0%,0%,0%,50,0.43
Jalyn Armour-Davis,CB,BAL,4%,54%,14%,0%,0%,0%,0%,0%,0%,bye,0%,0%,0%,0%,0%,0%,0%,0%,50,0.24
Tanzel Smart,DT,NYJ,0%,0%,0%,0%,0%,0%,0%,0%,0%,bye,29%,32%,0%,0%,19%,0%,0%,0%,49,0.26
Lamar Jackson,CB,Multi,0%,0%,0%,0%,5%,0%,0%,0%,0%,6%,0%,0%,0%,0%,0%,0%,68%,0%,49,0.24
Daviyon Nixon,DT,CAR,0%,0%,13%,0%,10%,0%,13%,0%,18%,8%,0%,10%,bye,0%,0%,0%,0%,0%,49,0.12
Chris Claybrooks,CB,JAC,0%,0%,0%,0%,0%,0%,0%,0%,0%,14%,bye,4%,21%,0%,0%,0%,26%,1%,47,0.12
Brandon Williams,DT,KC,0%,0%,0%,0%,0%,0%,0%,bye,0%,0%,0%,0%,0%,21%,32%,13%,0%,0%,45,0.21
K.J. Britt,LB,TB,0%,0%,0%,0%,0%,0%,0%,0%,0%,0%,bye,0%,0%,0%,0%,0%,0%,66%,45,0.66
J.J. Russell,LB,TB,0%,0%,0%,0%,0%,0%,0%,0%,0%,0%,bye,0%,0%,0%,0%,0%,0%,66%,45,0.66
Innis Gaines,S,GB,0%,0%,0%,0%,0%,0%,0%,0%,0%,0%,0%,0%,0%,bye,0%,26%,31%,21%,44,0.26
Amare Barno,DE,CAR,0%,0%,0%,0%,0%,0%,0%,1%,16%,0%,4%,18%,bye,0%,0%,0%,0%,28%,44,0.12
Eric Johnson II,DT,IND,0%,0%,0%,0%,0%,0%,0%,15%,0%,20%,16%,14%,0%,bye,0%,0%,0%,0%,44,0.16
Ja'Marcus Ingram,CB,BUF,0%,0%,56%,0%,27%,0%,bye,0%,0%,0%,0%,0%,0%,0%,0%,0%,0%,0%,44,0.38
Kevin Pierre-Louis,LB,HOU,24%,28%,0%,0%,0%,bye,0%,0%,0%,0%,0%,0%,0%,0%,0%,0%,0%,0%,42,0.26
Jamie Collins Sr.,LB,NE,0%,0%,0%,0%,0%,0%,31%,0%,0%,bye,0%,0%,0%,7%,21%,0%,0%,0%,41,0.20
Wyatt Ray,DE,Multi,0%,0%,26%,0%,0%,0%,0%,0%,0%,0%,0%,0%,0%,0%,0%,12%,25%,0%,41,0.21
Luke Gifford,LB,DAL,0%,0%,0%,0%,0%,0%,0%,1%,bye,0%,12%,0%,6%,2%,0%,17%,17%,8%,41,0.09
Matthew Adams,LB,CHI,22%,31%,0%,0%,5%,0%,0%,0%,0%,0%,0%,0%,0%,bye,0%,0%,0%,0%,40,0.19
Jonathan Kongbo,DE,DEN,0%,0%,0%,0%,32%,0%,0%,21%,bye,0%,0%,0%,0%,0%,0%,0%,0%,0%,40,0.27
Ben Stille,DE,Multi,0%,0%,0%,0%,0%,0%,12%,0%,0%,0%,0%,16%,0%,12%,0%,22%,0%,0%,40,0.15
Keir Thomas,DE,LAR,0%,0%,0%,0%,0%,0%,bye,0%,0%,0%,0%,0%,9%,15%,0%,25%,0%,11%,40,0.15
Roderick Perry II,DT,CLE,0%,0%,0%,0%,0%,0%,0%,0%,bye,33%,0%,0%,0%,0%,0%,0%,25%,0%,40,0.29
Daniel Wise,DT,WAS,43%,15%,0%,0%,0%,0%,0%,0%,0%,0%,0%,0%,0%,bye,0%,0%,0%,0%,39,0.30
Troy Dye,LB,MIN,0%,0%,0%,8%,0%,0%,bye,0%,0%,0%,11%,0%,0%,0%,0%,0%,0%,51%,39,0.21
Sam Roberts,DE,NE,0%,0%,0%,0%,26%,31%,0%,0%,0%,bye,0%,0%,0%,0%,0%,0%,0%,0%,39,0.29
Daniel Hardy,LB,LAR,0%,0%,0%,0%,0%,0%,bye,0%,0%,0%,0%,0%,0%,13%,7%,21%,11%,7%,39,0.12
Domenique Davis,DT,CIN,0%,0%,0%,0%,0%,0%,0%,26%,39%,bye,0%,0%,0%,0%,0%,0%,0%,0%,38,0.31
Bobby Price,S,DET,0%,20%,0%,0%,38%,bye,0%,0%,0%,0%,0%,0%,0%,0%,0%,0%,0%,0%,38,0.28
Kris Boyd,CB,MIN,0%,0%,0%,3%,0%,0%,bye,0%,0%,0%,0%,0%,0%,0%,9%,0%,0%,55%,37,0.19
Thomas Graham Jr.,CB,CLE,0%,0%,0%,0%,0%,0%,0%,0%,bye,0%,0%,54%,0%,0%,0%,0%,0%,0%,37,0.54
Mark Robinson,LB,PIT,0%,0%,0%,0%,0%,0%,0%,0%,bye,0%,0%,0%,0%,0%,0%,0%,50%,17%,37,0.32
Benning Potoa'e,DT,WAS,0%,0%,13%,0%,0%,0%,0%,0%,0%,0%,0%,0%,0%,bye,0%,0%,0%,40%,36,0.26
D.J. Davidson,DT,NYG,11%,14%,19%,15%,0%,0%,0%,0%,bye,0%,0%,0%,0%,0%,0%,0%,0%,0%,36,0.15
Allan George,CB,CIN,0%,0%,0%,0%,0%,0%,0%,0%,41%,bye,0%,0%,0%,0%,22%,0%,0%,0%,36,0.30
T.J. Carrie,CB,Multi,0%,0%,0%,0%,0%,0%,0%,0%,0%,0%,0%,25%,0%,37%,0%,0%,0%,0%,35,0.31
Eric Wilson,LB,GB,0%,0%,0%,0%,0%,0%,0%,39%,0%,0%,0%,0%,0%,bye,0%,0%,21%,0%,35,0.30
John Reid,CB,TEN,0%,0%,0%,0%,0%,bye,0%,0%,0%,0%,0%,0%,0%,0%,46%,0%,2%,0%,35,0.20
Jalyn Holmes,DT,CHI,0%,0%,0%,0%,0%,0%,0%,0%,0%,0%,0%,0%,0%,bye,0%,0%,0%,48%,34,0.48
Luiji Vilain,DE,MIN,0%,0%,0%,0%,0%,22%,bye,0%,0%,0%,0%,0%,0%,0%,0%,0%,0%,33%,34,0.26
Kingsley Jonathan,DT,Multi,0%,9%,0%,0%,0%,0%,0%,0%,0%,16%,0%,0%,0%,0%,0%,29%,0%,0%,34,0.18
Erik Harris,S,ATL,0%,48%,0%,0%,0%,0%,0%,2%,0%,0%,0%,0%,0%,bye,0%,0%,0%,0%,32,0.20
Clayton Fejedelem,S,MIA,0%,0%,0%,0%,0%,0%,24%,0%,0%,0%,bye,3%,0%,4%,10%,0%,2%,0%,32,0.09
Tarvarius Moore,S,SF,0%,0%,1%,0%,0%,7%,11%,0%,bye,5%,13%,0%,0%,0%,0%,0%,0%,15%,32,0.08
Jabril Cox,LB,DAL,0%,0%,0%,0%,0%,0%,0%,0%,bye,0%,12%,0%,0%,0%,0%,0%,28%,11%,32,0.17
Shaka Toney,DE,WAS,0%,0%,46%,0%,0%,0%,0%,0%,0%,0%,0%,0%,0%,bye,0%,0%,0%,0%,32,0.46
Janoris Jenkins,CB,SF,0%,0%,0%,0%,0%,0%,0%,0%,bye,0%,0%,0%,0%,0%,22%,0%,0%,33%,31,0.27
Tevaughn Campbell,CB,JAC,0%,0%,0%,0%,0%,0%,0%,0%,0%,0%,bye,8%,33%,0%,0%,0%,0%,0%,31,0.21
Ambry Thomas,CB,SF,0%,0%,0%,0%,12%,0%,12%,14%,bye,0%,0%,0%,0%,1%,0%,8%,0%,0%,31,0.08
Steven Means,DE,BAL,33%,0%,0%,0%,0%,0%,0%,0%,0%,bye,0%,0%,0%,0%,0%,0%,0%,0%,28,0.33
George Odum,S,SF,0%,2%,1%,0%,0%,10%,0%,0%,bye,0%,0%,2%,0%,5%,0%,10%,0%,15%,28,0.06
J.T. Gray,CB,NO,5%,3%,13%,3%,17%,0%,0%,0%,0%,0%,0%,0%,0%,bye,0%,0%,4%,2%,28,0.07
David Moa,DT,LAC,0%,0%,0%,0%,0%,0%,0%,bye,0%,0%,0%,0%,0%,0%,0%,0%,0%,43%,28,0.43
Tashawn Bower,DE,LV,0%,9%,0%,0%,0%,bye,0%,0%,0%,29%,0%,0%,0%,0%,0%,0%,0%,0%,27,0.17
Nakobe Dean,LB,PHI,0%,0%,0%,0%,0%,0%,bye,0%,0%,0%,0%,0%,27%,19%,0%,0%,0%,0%,27,0.23
Robert Rochell,CB,LAR,0%,5%,10%,6%,5%,0%,bye,0%,0%,1%,0%,0%,0%,0%,0%,12%,0%,0%,26,0.06
Jesse Luketa,LB,ARI,0%,0%,0%,0%,0%,6%,7%,0%,0%,0%,0%,0%,bye,0%,9%,0%,18%,0%,26,0.10
JT Woods,S,LAC,0%,0%,0%,0%,0%,0%,0%,bye,0%,0%,22%,15%,0%,0%,0%,0%,4%,0%,26,0.14
Jabari Zuniga,DE,NO,0%,0%,0%,0%,0%,0%,0%,0%,0%,0%,39%,0%,0%,bye,0%,0%,0%,0%,25,0.39
Chris Williams,DT,IND,0%,0%,0%,0%,10%,13%,0%,0%,0%,0%,0%,0%,0%,bye,0%,0%,16%,0%,25,0.13
Jamien Sherwood,LB,NYJ,0%,0%,0%,0%,0%,0%,0%,0%,15%,bye,0%,0%,0%,0%,0%,1%,8%,14%,25,0.08
Phil Hoskins,DT,CAR,20%,0%,0%,0%,0%,0%,0%,0%,0%,0%,0%,0%,bye,0%,0%,0%,0%,15%,25,0.18
Jeff Gunter,DE,CIN,0%,0%,9%,0%,0%,0%,0%,0%,0%,bye,0%,0%,0%,0%,24%,0%,0%,0%,25,0.16
Michael J. Thomas,S,CIN,0%,0%,0%,0%,0%,0%,0%,0%,43%,bye,0%,0%,0%,0%,4%,0%,0%,0%,24,0.19
William Bradley-King,DE,WAS,0%,0%,34%,0%,0%,0%,0%,0%,0%,0%,0%,0%,0%,bye,0%,0%,0%,0%,24,0.34
Chris Jackson,DB,TEN,0%,35%,0%,0%,0%,bye,0%,0%,0%,0%,0%,0%,0%,0%,0%,0%,0%,0%,24,0.35
Neville Hewitt,LB,HOU,0%,0%,0%,0%,16%,bye,0%,17%,0%,0%,0%,0%,0%,0%,1%,0%,0%,0%,23,0.10
Andrew Brown,DE,CHI,0%,0%,0%,0%,0%,0%,0%,0%,0%,0%,0%,0%,35%,bye,0%,0%,0%,0%,23,0.35
T.J. Smith,DT,MIN,0%,0%,0%,0%,0%,0%,bye,0%,0%,0%,0%,0%,0%,0%,0%,0%,35%,0%,22,0.35
Joshuah Bledsoe,S,NE,0%,0%,8%,0%,0%,0%,0%,29%,0%,bye,0%,0%,0%,0%,0%,0%,0%,0%,22,0.18
Christian Elliss,DE,PHI,0%,0%,0%,0%,0%,0%,bye,0%,0%,0%,0%,0%,18%,19%,0%,0%,0%,0%,22,0.18
Anthony Pittman,LB,DET,0%,3%,3%,0%,0%,bye,0%,0%,0%,0%,3%,0%,9%,8%,8%,0%,0%,0%,21,0.05
Shaquille Quarterman,LB,JAC,0%,0%,0%,0%,0%,0%,0%,0%,0%,0%,bye,0%,0%,4%,0%,0%,26%,0%,21,0.15
Tyler Coyle,S,DAL,0%,0%,0%,0%,0%,0%,0%,0%,bye,0%,0%,0%,0%,0%,0%,0%,0%,32%,21,0.32
C.J. Brewer,DT,BUF,0%,38%,0%,0%,0%,0%,bye,0%,0%,0%,0%,0%,0%,0%,0%,0%,0%,0%,21,0.38
Christian Jones,LB,SEA,0%,0%,0%,0%,13%,14%,0%,0%,0%,0%,bye,0%,0%,0%,0%,0%,0%,0%,20,0.14
Elijah Riley,CB,PIT,0%,0%,0%,0%,0%,12%,0%,0%,bye,0%,0%,0%,0%,0%,0%,19%,2%,0%,20,0.11
David Ojabo,DE,BAL,0%,0%,0%,0%,0%,0%,0%,0%,0%,bye,0%,0%,0%,0%,0%,0%,0%,30%,20,0.30
Prince Emili,DT,BUF,0%,0%,0%,29%,0%,0%,bye,0%,0%,0%,0%,0%,0%,0%,0%,0%,0%,0%,20,0.29
Chris Lammons,CB,KC,12%,0%,0%,0%,0%,0%,14%,bye,0%,0%,0%,0%,0%,0%,0%,0%,0%,0%,19,0.13
Marvin Wilson,DT,PHI,0%,0%,0%,0%,0%,0%,bye,0%,32%,0%,0%,0%,0%,0%,0%,0%,0%,0%,19,0.32
Darien Butler,LB,LV,0%,0%,0%,0%,0%,bye,0%,0%,0%,11%,0%,0%,0%,0%,0%,18%,0%,0%,19,0.15
Jeremiah Attaochu,LB,Multi,0%,0%,0%,0%,0%,12%,0%,0%,0%,14%,0%,0%,0%,0%,0%,0%,0%,0%,18,0.13
Dontae Johnson,CB,SF,0%,0%,0%,0%,0%,31%,0%,0%,bye,0%,0%,0%,0%,0%,0%,0%,0%,0%,18,0.31
Javelin Guidry,CB,LV,0%,0%,0%,34%,0%,bye,0%,0%,0%,0%,0%,0%,0%,0%,0%,0%,0%,0%,18,0.34
Shaun Wade,CB,NE,0%,0%,0%,0%,0%,13%,0%,0%,0%,bye,0%,0%,0%,11%,0%,1%,0%,0%,18,0.07
Tre Brown,CB,SEA,0%,0%,0%,0%,0%,0%,0%,0%,0%,0%,bye,4%,23%,0%,0%,0%,0%,0%,18,0.13
Theo Jackson,CB,MIN,0%,0%,0%,0%,0%,0%,bye,0%,0%,0%,0%,0%,0%,0%,0%,0%,11%,22%,18,0.16
Gregory Junior,CB,JAC,0%,0%,0%,0%,0%,0%,0%,0%,0%,0%,bye,0%,0%,0%,0%,0%,26%,0%,18,0.26
Donovan Jeter,DT,WAS,0%,30%,0%,0%,0%,0%,0%,0%,0%,0%,0%,0%,0%,bye,0%,0%,0%,0%,18,0.30
Corey Ballentine,CB,GB,0%,0%,0%,0%,0%,0%,0%,0%,0%,5%,0%,1%,0%,bye,0%,0%,21%,0%,17,0.07
Anthony Chesley,CB,TB,0%,0%,0%,0%,0%,0%,0%,0%,0%,0%,bye,0%,0%,0%,0%,0%,0%,25%,17,0.25
Ar'Darius Washington,S,BAL,0%,0%,0%,0%,0%,18%,0%,0%,0%,bye,0%,0%,0%,9%,0%,0%,0%,0%,17,0.14
Artie Burns,CB,SEA,0%,0%,0%,0%,21%,0%,0%,0%,0%,0%,bye,0%,0%,0%,0%,0%,0%,0%,16,0.21
Alexander Johnson,LB,SEA,0%,0%,0%,0%,0%,0%,0%,0%,0%,0%,bye,0%,0%,0%,0%,0%,0%,26%,16,0.26
Ryan Connelly,LB,MIN,0%,0%,0%,0%,0%,0%,bye,0%,0%,0%,0%,0%,0%,0%,0%,0%,0%,31%,16,0.31
Isaiah Mack,DT,BAL,0%,0%,0%,0%,0%,0%,0%,0%,0%,bye,0%,0%,0%,0%,0%,23%,0%,0%,16,0.23
Tariq Carpenter,S,GB,0%,0%,0%,0%,0%,0%,0%,0%,0%,0%,0%,0%,0%,bye,0%,6%,22%,0%,16,0.15
Jamal Adams,S,SEA,23%,0%,0%,0%,0%,0%,0%,0%,0%,0%,bye,0%,0%,0%,0%,0%,0%,0%,15,0.23
Chase Hansen,LB,NO,0%,0%,0%,0%,0%,0%,0%,0%,0%,0%,0%,0%,0%,bye,0%,21%,0%,0%,15,0.21
Tyler Shelvin,DT,CIN,0%,0%,0%,0%,0%,0%,32%,0%,0%,bye,0%,0%,0%,0%,0%,0%,0%,0%,15,0.32
Rayshad Nichols,DT,BAL,0%,0%,0%,0%,0%,0%,0%,0%,0%,bye,0%,0%,0%,0%,0%,0%,21%,0%,15,0.21
Raheem Layne,S,LAC,0%,0%,0%,0%,0%,0%,0%,bye,0%,0%,0%,0%,0%,0%,0%,0%,0%,23%,15,0.23
Nickell Robey-Coleman,CB,LV,0%,0%,0%,0%,0%,bye,0%,0%,20%,0%,0%,0%,0%,0%,0%,0%,0%,0%,14,0.20
Mackensie Alexander,CB,DAL,0%,0%,0%,0%,0%,0%,0%,0%,bye,0%,0%,0%,0%,0%,0%,20%,0%,0%,14,0.20
Kemoko Turay,DE,SF,0%,0%,0%,0%,0%,24%,0%,0%,bye,0%,0%,0%,0%,0%,0%,0%,0%,0%,14,0.24
Eric Banks,DE,ARI,0%,0%,0%,0%,0%,0%,0%,0%,0%,0%,0%,0%,bye,0%,0%,0%,0%,23%,14,0.23
David Bada,DT,WAS,0%,0%,0%,0%,0%,0%,0%,0%,0%,0%,0%,0%,0%,bye,0%,0%,25%,0%,14,0.25
Antwaun Woods,DT,ARI,0%,0%,0%,0%,0%,0%,0%,18%,0%,0%,0%,0%,bye,0%,0%,0%,0%,0%,13,0.18
Justin Zimmer,DT,MIA,0%,0%,0%,0%,0%,0%,0%,0%,0%,0%,bye,0%,15%,0%,0%,0%,0%,0%,13,0.15
Sam Eguavoen,LB,MIA,0%,12%,0%,5%,0%,0%,0%,0%,0%,1%,bye,0%,0%,0%,0%,3%,0%,0%,13,0.05
Josh Thomas,S,ARI,0%,0%,0%,0%,0%,0%,0%,0%,0%,0%,0%,0%,bye,0%,0%,0%,0%,21%,13,0.21
Elerson Smith,DE,NYG,0%,0%,0%,0%,0%,0%,0%,11%,bye,0%,4%,0%,0%,4%,0%,0%,0%,0%,13,0.06
A.J. Thomas,S,CHI,0%,0%,0%,0%,0%,0%,0%,0%,0%,0%,0%,0%,0%,bye,0%,0%,0%,18%,13,0.18
Vernon Butler,DT,NYG,0%,0%,0%,0%,0%,0%,0%,0%,bye,0%,0%,0%,14%,0%,0%,0%,0%,0%,12,0.14
Carlos Davis,DT,PIT,0%,0%,0%,0%,0%,0%,0%,21%,bye,0%,0%,0%,0%,0%,0%,0%,0%,0%,12,0.21
Josh Jobe,CB,PHI,0%,0%,0%,0%,0%,0%,bye,0%,0%,0%,0%,0%,0%,19%,0%,0%,0%,0%,12,0.19
Baylon Spector,LB,BUF,0%,0%,0%,0%,16%,0%,bye,0%,0%,0%,0%,0%,0%,0%,0%,0%,0%,0%,12,0.16
William Kwenkeu,LB,MIN,0%,0%,0%,0%,0%,0%,bye,0%,0%,0%,0%,0%,0%,0%,0%,0%,0%,24%,12,0.24
Christian Ringo,DE,NO,0%,16%,0%,0%,0%,0%,0%,0%,0%,0%,0%,0%,0%,bye,0%,0%,0%,0%,11,0.16
Jeremiah Ledbetter,DT,JAC,0%,0%,0%,0%,0%,0%,0%,0%,0%,0%,bye,0%,0%,0%,0%,19%,0%,0%,11,0.19
Justin Layne,CB,Multi,0%,0%,0%,0%,17%,0%,0%,0%,0%,0%,0%,0%,0%,0%,0%,0%,0%,0%,11,0.17
Elijah Garcia,DT,DEN,0%,0%,0%,0%,0%,0%,0%,0%,bye,0%,0%,0%,0%,0%,0%,0%,0%,16%,11,0.16
Ryan Anderson,LB,PIT,0%,0%,0%,0%,0%,0%,16%,0%,bye,0%,0%,0%,0%,0%,0%,0%,0%,0%,10,0.16
Andre Chachere,CB,PHI,0%,0%,0%,0%,0%,0%,bye,0%,0%,0%,0%,0%,18%,0%,0%,0%,0%,0%,10,0.18
Joe Bachie,LB,CIN,0%,0%,0%,0%,0%,0%,0%,0%,20%,bye,0%,0%,0%,0%,0%,0%,0%,0%,10,0.20
Amen Ogbongbemiga,LB,LAC,0%,0%,0%,0%,0%,0%,0%,bye,0%,0%,0%,0%,0%,0%,0%,0%,0%,15%,10,0.15
Nate Landman,LB,ATL,0%,0%,10%,0%,0%,5%,0%,0%,0%,0%,0%,0%,0%,bye,0%,0%,0%,0%,10,0.08
Elijah Lee,CB,Multi,12%,0%,0%,0%,0%,0%,0%,0%,0%,0%,0%,0%,0%,0%,0%,0%,0%,0%,8,0.12
Tony Brown,CB,IND,0%,0%,0%,0%,0%,0%,0%,0%,0%,0%,0%,12%,0%,bye,0%,0%,0%,0%,8,0.12
Josh Woods,LB,DET,0%,0%,0%,0%,0%,bye,0%,0%,0%,0%,0%,0%,2%,0%,0%,0%,13%,0%,8,0.08
Ashtyn Davis,S,NYJ,0%,1%,0%,6%,0%,1%,0%,0%,2%,bye,0%,0%,0%,0%,0%,0%,1%,0%,8,0.02
Daniel Thomas,S,JAC,0%,0%,0%,0%,0%,0%,0%,0%,0%,0%,bye,0%,0%,12%,0%,0%,0%,0%,8,0.12
Kameron Cline,DE,IND,0%,0%,0%,0%,0%,0%,0%,0%,0%,0%,12%,0%,0%,bye,0%,0%,0%,0%,8,0.12
Nick Bellore,LB,SEA,0%,4%,0%,5%,0%,0%,0%,0%,0%,0%,bye,0%,0%,0%,0%,0%,0%,0%,7,0.05
Markquese Bell,S,DAL,0%,0%,1%,0%,0%,0%,0%,0%,bye,0%,0%,0%,0%,0%,9%,0%,0%,0%,7,0.04
Tyeler Davison,DT,LAC,0%,0%,0%,0%,0%,0%,0%,bye,0%,0%,0%,0%,0%,0%,10%,0%,0%,0%,6,0.10
Miles Killebrew,S,PIT,0%,0%,7%,0%,0%,1%,0%,0%,bye,0%,0%,0%,0%,0%,0%,0%,0%,0%,6,0.04
Kevon Seymour,CB,BAL,0%,0%,0%,0%,0%,0%,0%,0%,0%,bye,0%,0%,0%,0%,0%,0%,9%,0%,6,0.09
Darius Phillips,CB,DEN,0%,0%,0%,0%,0%,0%,0%,0%,bye,0%,8%,2%,0%,0%,0%,0%,0%,0%,6,0.05
Hamsah Nasirildeen,S,NYJ,0%,0%,0%,0%,0%,0%,0%,0%,0%,bye,0%,0%,0%,0%,0%,3%,6%,0%,6,0.04
Quincy Roche,DE,NYG,6%,0%,0%,0%,0%,0%,3%,0%,bye,0%,0%,0%,0%,0%,0%,0%,0%,0%,6,0.04
Milo Eifler,LB,WAS,0%,0%,9%,0%,0%,0%,0%,0%,0%,0%,0%,0%,0%,bye,0%,0%,0%,0%,6,0.09
Chase Lucas,CB,DET,0%,3%,0%,0%,5%,bye,0%,0%,0%,0%,0%,0%,2%,0%,0%,0%,0%,0%,6,0.03
Kyron Johnson,LB,PHI,0%,0%,0%,0%,0%,0%,bye,8%,0%,0%,0%,0%,0%,0%,0%,0%,0%,0%,6,0.08
Matthias Farley,S,LV,0%,3%,0%,0%,3%,bye,0%,0%,0%,0%,0%,0%,0%,0%,0%,0%,0%,0%,5,0.03
Takk McKinley,LB,LAR,0%,0%,0%,0%,9%,0%,bye,0%,0%,0%,0%,0%,0%,0%,0%,0%,0%,0%,5,0.09
Bryce Hall,CB,NYJ,9%,0%,0%,0%,0%,0%,0%,0%,0%,bye,0%,0%,0%,0%,0%,0%,0%,0%,5,0.09
DaMarcus Mitchell,DE,NE,0%,0%,0%,0%,0%,7%,0%,0%,0%,bye,0%,0%,0%,0%,0%,0%,0%,0%,5,0.07
T.J. Carter,CB,LAR,0%,0%,0%,0%,0%,0%,bye,0%,0%,0%,0%,0%,0%,0%,0%,6%,0%,0%,4,0.06
Christian Rozeboom,LB,LAR,0%,0%,0%,0%,0%,0%,bye,0%,0%,0%,0%,0%,0%,0%,0%,6%,0%,0%,4,0.06
Channing Tindall,LB,MIA,0%,0%,0%,0%,3%,4%,0%,0%,0%,0%,bye,0%,0%,0%,0%,0%,0%,0%,4,0.03
Nate Hairston,CB,ARI,0%,0%,0%,0%,0%,0%,0%,0%,0%,0%,0%,0%,bye,0%,4%,0%,0%,0%,3,0.04
Carter Coughlin,LB,NYG,0%,0%,0%,0%,0%,0%,0%,0%,bye,0%,0%,0%,0%,0%,0%,0%,5%,0%,3,0.05
Kristian Welch,LB,BAL,0%,0%,0%,0%,0%,0%,5%,0%,0%,bye,0%,0%,0%,0%,0%,0%,0%,0%,3,0.05
Saivion Smith,CB,DET,0%,0%,0%,0%,3%,bye,0%,0%,0%,0%,0%,0%,0%,0%,0%,0%,0%,0%,2,0.03
Arron Mosby,DE,CAR,0%,0%,0%,0%,0%,3%,0%,0%,0%,0%,0%,0%,bye,0%,0%,0%,0%,0%,2,0.03
De'Shaan Dixon,DE,JAC,0%,0%,0%,0%,0%,0%,3%,0%,0%,0%,bye,0%,0%,0%,0%,0%,0%,0%,2,0.03
Deane Leonard,DB,LAC,0%,0%,0%,0%,0%,0%,0%,bye,0%,0%,0%,0%,0%,0%,0%,0%,0%,3%,2,0.03
DeMarquis Gates,LB,CHI,0%,0%,0%,0%,0%,0%,0%,0%,0%,0%,0%,0%,0%,bye,0%,0%,1%,0%,1,0.01
Marquise Blair,S,CAR,0%,0%,0%,0%,0%,0%,0%,0%,1%,0%,0%,0%,bye,0%,0%,0%,0%,0%,1,0.01
Micah Abernathy,CB,GB,0%,0%,0%,0%,0%,0%,0%,0%,0%,0%,0%,0%,2%,bye,0%,0%,0%,0%,1,0.02
Del'Shawn Phillips,LB,BAL,0%,0%,0%,2%,0%,0%,0%,0%,0%,bye,0%,0%,0%,0%,0%,0%,0%,0%,1,0.02
Clay Johnston,LB,CIN,0%,0%,0%,0%,0%,0%,0%,0%,2%,bye,0%,0%,0%,0%,0%,0%,0%,0%,1,0.02
Aaron Patrick,DE,DEN,2%,0%,0%,0%,0%,0%,0%,0%,bye,0%,0%,0%,0%,0%,0%,0%,0%,0%,1,0.02
Shemar Jean-Charles,CB,GB,0%,0%,0%,2%,0%,0%,0%,0%,0%,0%,0%,0%,0%,bye,0%,0%,0%,0%,1,0.02
Nolan Turner,S,TB,0%,0%,0%,0%,0%,0%,0%,0%,0%,0%,bye,0%,0%,2%,0%,0%,0%,0%,1,0.02
